LocalTime,Symbol,EventType,Side,FillSize,FillPrice,FillExchange,SymbolBought,SymbolSold,SymbolPosition,SymbolNotional,ExchangeBought,ExchangeSold,TotalBought,TotalSold,TotalBoughtNotional,TotalSoldNotional,
9:30:00.000,AES,TRADE,t,100,11.14,NYSE,0,100,-100,1114.00,0,100,0,100,0.00,1114.00
9:30:16.000,AES,TRADE,b,100,11.16,NASDAQ,100,100,0,1116.00,100,0,100,100,1116.00,1114.00
9:31:02.000,CX,TRADE,b,100,7.50,NASDAQ,100,0,100,750.00,200,0,200,100,1866.00,1114.00
9:31:10.000,CX,TRADE,t,100,7.51,NASDAQ,100,100,0,751.00,200,100,200,200,1866.00,1865.00
9:32:04.000,CX,TRADE,b,200,7.50,NASDAQ,300,100,200,1500.00,400,100,400,200,3366.00,1865.00
9:32:33.000,CX,TRADE,t,100,7.50,NASDAQ,300,200,100,750.00,400,200,400,300,3366.00,2615.00
9:33:01.000,CX,TRADE,t,200,7.48,NASDAQ,300,400,-100,1496.00,400,400,400,500,3366.00,4111.00
9:33:30.000,AIG,TRADE,t,100,56.40,NASDAQ,0,100,-100,5640.00,400,500,400,600,3366.00,9751.00
9:33:33.000,AIG,TRADE,t,100,56.39,NYSE,0,200,-200,5639.00,0,200,400,700,3366.00,15390.00
9:33:56.000,AIG,TRADE,b,100,56.38,NASDAQ,100,200,-100,5638.00,500,500,500,700,9004.00,15390.00
9:34:18.000,AIG,TRADE,b,100,56.38,NASDAQ,200,200,0,5638.00,600,500,600,700,14642.00,15390.00
9:34:53.000,AIG,TRADE,t,100,56.40,NASDAQ,200,300,-100,5640.00,600,600,600,800,14642.00,21030.00
9:35:52.000,RPY,TRADE,b,7112,5.75,NYSE,7112,0,7112,40894.00,7112,200,7712,800,55536.00,21030.00
9:36:37.000,RPY,TRADE,b,7112,5.75,NYSE,14224,0,14224,40894.00,14224,200,14824,800,96430.00,21030.00
9:37:31.000,RPY,TRADE,b,78235,5.75,NYSE,92459,0,92459,449851.25,92459,200,93059,800,546281.25,21030.00
9:37:53.000,RPY,TRADE,b,64010,5.75,NASDAQ,156469,0,156469,368057.50,64610,600,157069,800,914338.75,21030.00
9:38:48.000,RPY,TRADE,t,7112,5.76,NASDAQ,156469,7112,149357,40965.12,64610,7712,157069,7912,914338.75,61995.12
9:39:37.000,RPY,TRADE,b,7112,5.76,NYSE,163581,7112,156469,40965.12,99571,200,164181,7912,955303.87,61995.12
9:39:39.000,RPY,TRADE,b,28449,5.76,NYSE,192030,7112,184918,163866.24,128020,200,192630,7912,1119170.11,61995.12
9:40:28.000,RPY,TRADE,b,7112,5.75,NASDAQ,199142,7112,192030,40894.00,71722,7712,199742,7912,1160064.11,61995.12
9:41:24.000,RPY,TRADE,t,78235,5.76,NASDAQ,199142,85347,113795,450633.60,71722,85947,199742,86147,1160064.11,512628.72
9:41:51.000,RPY,TRADE,b,924,5.75,NASDAQ,200066,85347,114719,5313.00,72646,85947,200666,86147,1165377.11,512628.72
9:42:47.000,RPY,TRADE,b,7112,5.75,NYSE,207178,85347,121831,40894.00,135132,200,207778,86147,1206271.11,512628.72
9:43:38.000,RPY,TRADE,b,7112,5.75,NYSE,214290,85347,128943,40894.00,142244,200,214890,86147,1247165.11,512628.72
9:44:11.000,RPY,TRADE,b,78235,5.75,NYSE,292525,85347,207178,449851.25,220479,200,293125,86147,1697016.36,512628.72
9:44:31.000,RPY,TRADE,b,64010,5.75,NASDAQ,356535,85347,271188,368057.50,136656,85947,357135,86147,2065073.86,512628.72
9:44:35.000,RPY,TRADE,t,7112,5.76,NASDAQ,356535,92459,264076,40965.12,136656,93059,357135,93259,2065073.86,553593.84
9:45:26.000,RPY,TRADE,b,7112,5.76,NYSE,363647,92459,271188,40965.12,227591,200,364247,93259,2106038.98,553593.84
9:46:01.000,RPY,TRADE,b,28449,5.76,NYSE,392096,92459,299637,163866.24,256040,200,392696,93259,2269905.22,553593.84
9:46:42.000,RPY,TRADE,b,7112,5.75,NASDAQ,399208,92459,306749,40894.00,143768,93059,399808,93259,2310799.22,553593.84
9:46:54.000,RPY,TRADE,t,78235,5.76,NASDAQ,399208,170694,228514,450633.60,143768,171294,399808,171494,2310799.22,1004227.44
9:47:18.000,RPY,TRADE,b,924,5.75,NASDAQ,400132,170694,229438,5313.00,144692,171294,400732,171494,2316112.22,1004227.44
9:48:17.000,RPY,TRADE,t,7112,5.76,NASDAQ,400132,177806,222326,40965.12,144692,178406,400732,178606,2316112.22,1045192.56
9:48:45.000,RPY,TRADE,t,7112,5.76,NASDAQ,400132,184918,215214,40965.12,144692,185518,400732,185718,2316112.22,1086157.68
9:49:36.000,RPY,TRADE,t,7112,5.76,NASDAQ,400132,192030,208102,40965.12,144692,192630,400732,192830,2316112.22,1127122.80
9:49:41.000,RPY,TRADE,t,14224,5.75,NASDAQ,400132,206254,193878,81788.00,144692,206854,400732,207054,2316112.22,1208910.80
9:50:34.000,RPY,TRADE,s,28449,5.75,NYSE,400132,234703,165429,163581.75,256040,28649,400732,235503,2316112.22,1372492.55
9:51:06.000,RPY,TRADE,t,14224,5.75,NASDAQ,400132,248927,151205,81788.00,144692,221078,400732,249727,2316112.22,1454280.55
9:51:43.000,RPY,TRADE,s,7112,5.75,NASDAQ,400132,256039,144093,40894.00,144692,228190,400732,256839,2316112.22,1495174.55
9:51:52.000,RPY,TRADE,s,7112,5.75,NYSE,400132,263151,136981,40894.00,256040,35761,400732,263951,2316112.22,1536068.55
9:52:18.000,RPY,TRADE,s,14224,5.75,NASDAQ,400132,277375,122757,81788.00,144692,242414,400732,278175,2316112.22,1617856.55
9:53:14.000,RPY,TRADE,t,8036,5.76,NASDAQ,400132,285411,114721,46287.36,144692,250450,400732,286211,2316112.22,1664143.91
9:53:43.000,UGH,TRADE,t,7112,8.03,NASDAQ,0,7112,-7112,57109.36,144692,257562,400732,293323,2316112.22,1721253.27
9:53:49.000,UGH,TRADE,b,7112,8.03,NASDAQ,7112,7112,0,57109.36,151804,257562,407844,293323,2373221.58,1721253.27
9:54:37.000,W,TRADE,t,7112,6.00,NYSE,0,7112,-7112,42672.00,256040,42873,407844,300435,2373221.58,1763925.27
9:55:10.000,W,TRADE,b,7112,6.00,NASDAQ,7112,7112,0,42672.00,158916,257562,414956,300435,2415893.58,1763925.27
9:56:07.000,W,TRADE,t,7112,6.00,NASDAQ,7112,14224,-7112,42672.00,158916,264674,414956,307547,2415893.58,1806597.27
9:56:20.000,W,TRADE,b,7112,6.00,NASDAQ,14224,14224,0,42672.00,166028,264674,422068,307547,2458565.58,1806597.27
9:56:53.000,MK,TRADE,b,21336,2.52,NYSE,21336,0,21336,53766.72,277376,42873,443404,307547,2512332.30,1806597.27
9:57:49.000,MK,TRADE,b,7112,2.52,NYSE,28448,0,28448,17922.24,284488,42873,450516,307547,2530254.54,1806597.27
9:58:05.000,MK,TRADE,t,21336,2.53,NASDAQ,28448,21336,7112,53980.08,166028,286010,450516,328883,2530254.54,1860577.35
9:58:46.000,MK,TRADE,t,7112,2.53,NASDAQ,28448,28448,0,17993.36,166028,293122,450516,335995,2530254.54,1878570.71
9:59:42.000,LMA,TRADE,t,6472,5.78,NYSE,0,6472,-6472,37408.16,284488,49345,450516,342467,2530254.54,1915978.87
9:59:47.000,LMA,TRADE,t,640,5.78,NYSE,0,7112,-7112,3699.20,284488,49985,450516,343107,2530254.54,1919678.07
10:00:44.000,LMA,TRADE,b,7112,5.77,NASDAQ,7112,7112,0,41036.24,173140,293122,457628,343107,2571290.78,1919678.07
10:01:11.000,LMA,TRADE,b,7112,7.61,NASDAQ,14224,7112,7112,54122.32,180252,293122,464740,343107,2625413.10,1919678.07
10:01:42.000,LMA,TRADE,t,7112,7.61,NASDAQ,14224,14224,0,54122.32,180252,300234,464740,350219,2625413.10,1973800.39
10:02:13.000,ZEU,TRADE,b,7112,14.87,NASDAQ,7112,0,7112,105755.44,187364,300234,471852,350219,2731168.54,1973800.39
10:02:19.000,ZEU,TRADE,t,7112,14.87,NASDAQ,7112,7112,0,105755.44,187364,307346,471852,357331,2731168.54,2079555.83
10:02:39.000,RPY,TRADE,t,7112,5.82,NASDAQ,400132,292523,107609,41391.84,187364,314458,471852,364443,2731168.54,2120947.67
10:03:20.000,RPY,TRADE,b,7112,5.82,NASDAQ,407244,292523,114721,41391.84,194476,314458,478964,364443,2772560.38,2120947.67
10:03:34.000,LMA,TRADE,t,7112,20.95,NYSE,14224,21336,-7112,148996.40,284488,57097,478964,371555,2772560.38,2269944.07
10:04:32.000,LMA,TRADE,t,7112,20.95,NYSE,14224,28448,-14224,148996.40,284488,64209,478964,378667,2772560.38,2418940.47
10:04:45.000,LMA,TRADE,t,21336,20.95,NASDAQ,14224,49784,-35560,446989.20,194476,335794,478964,400003,2772560.38,2865929.67
10:04:57.000,LMA,TRADE,b,21336,7.03,NYSE,35560,49784,-14224,149992.08,305824,64209,500300,400003,2922552.46,2865929.67
10:05:23.000,LMA,TRADE,t,7112,7.03,NASDAQ,35560,56896,-21336,49997.36,194476,342906,500300,407115,2922552.46,2915927.03
10:06:17.000,LMA,TRADE,t,14224,7.03,NASDAQ,35560,71120,-35560,99994.72,194476,357130,500300,421339,2922552.46,3015921.75
10:06:41.000,LMA,TRADE,b,14224,7.03,NYSE,49784,71120,-21336,99994.72,320048,64209,514524,421339,3022547.18,3015921.75
10:07:22.000,LMA,TRADE,t,14224,7.04,NASDAQ,49784,85344,-35560,100136.96,194476,371354,514524,435563,3022547.18,3116058.71
10:07:27.000,LMA,TRADE,b,7112,7.03,NASDAQ,56896,85344,-28448,49997.36,201588,371354,521636,435563,3072544.54,3116058.71
10:08:05.000,LMA,TRADE,b,7112,7.03,NASDAQ,64008,85344,-21336,49997.36,208700,371354,528748,435563,3122541.90,3116058.71
10:08:37.000,LMA,TRADE,t,7112,7.04,NASDAQ,64008,92456,-28448,50068.48,208700,378466,528748,442675,3122541.90,3166127.19
10:09:04.000,LMA,TRADE,t,7112,7.04,NASDAQ,64008,99568,-35560,50068.48,208700,385578,528748,449787,3122541.90,3216195.67
10:09:09.000,LMA,TRADE,b,3556,7.04,NYSE,67564,99568,-32004,25034.24,323604,64209,532304,449787,3147576.14,3216195.67
10:09:34.000,LMA,TRADE,t,3556,7.04,NYSE,67564,103124,-35560,25034.24,323604,67765,532304,453343,3147576.14,3241229.91
10:10:03.000,LMA,TRADE,b,7112,7.04,NYSE,74676,103124,-28448,50068.48,330716,67765,539416,453343,3197644.62,3241229.91
10:10:31.000,LMA,TRADE,b,7112,7.04,NASDAQ,81788,103124,-21336,50068.48,215812,385578,546528,453343,3247713.10,3241229.91
10:10:43.000,LMA,TRADE,b,7112,7.04,NASDAQ,88900,103124,-14224,50068.48,222924,385578,553640,453343,3297781.58,3241229.91
10:11:32.000,LMA,TRADE,t,7112,7.04,NASDAQ,88900,110236,-21336,50068.48,222924,392690,553640,460455,3297781.58,3291298.39
10:11:38.000,LMA,TRADE,t,7112,7.04,NASDAQ,88900,117348,-28448,50068.48,222924,399802,553640,467567,3297781.58,3341366.87
10:12:27.000,LMA,TRADE,t,7112,7.04,NASDAQ,88900,124460,-35560,50068.48,222924,406914,553640,474679,3297781.58,3391435.35
10:12:28.000,LMA,TRADE,b,21336,7.04,NYSE,110236,124460,-14224,150205.44,352052,67765,574976,474679,3447987.02,3391435.35
10:12:59.000,LMA,TRADE,t,21336,7.04,NASDAQ,110236,145796,-35560,150205.44,222924,428250,574976,496015,3447987.02,3541640.79
10:13:09.000,LMA,TRADE,b,7112,7.05,NYSE,117348,145796,-28448,50139.60,359164,67765,582088,496015,3498126.62,3541640.79
10:13:15.000,LMA,TRADE,t,7112,7.05,NASDAQ,117348,152908,-35560,50139.60,222924,435362,582088,503127,3498126.62,3591780.39
10:14:15.000,LMA,TRADE,b,7112,7.06,NYSE,124460,152908,-28448,50210.72,366276,67765,589200,503127,3548337.34,3591780.39
10:14:35.000,LMA,TRADE,t,7112,7.07,NASDAQ,124460,160020,-35560,50281.84,222924,442474,589200,510239,3548337.34,3642062.23
10:15:21.000,LMA,TRADE,b,7112,7.07,NYSE,131572,160020,-28448,50281.84,373388,67765,596312,510239,3598619.18,3642062.23
10:15:48.000,LMA,TRADE,t,7112,7.07,NASDAQ,131572,167132,-35560,50281.84,222924,449586,596312,517351,3598619.18,3692344.07
10:15:53.000,ALY,TRADE,t,7112,9.39,NYSE,0,7112,-7112,66781.68,373388,74877,596312,524463,3598619.18,3759125.75
10:16:32.000,ALY,TRADE,b,7112,9.38,NASDAQ,7112,7112,0,66710.56,230036,449586,603424,524463,3665329.74,3759125.75
10:16:47.000,ALY,TRADE,t,7112,9.39,NASDAQ,7112,14224,-7112,66781.68,230036,456698,603424,531575,3665329.74,3825907.43
10:17:34.000,ALY,TRADE,b,7112,9.38,NASDAQ,14224,14224,0,66710.56,237148,456698,610536,531575,3732040.30,3825907.43
10:18:27.000,LMA,TRADE,b,14224,7.03,NASDAQ,145796,167132,-21336,99994.72,251372,456698,624760,531575,3832035.02,3825907.43
10:18:53.000,LMA,TRADE,t,7112,7.03,NASDAQ,145796,174244,-28448,49997.36,251372,463810,624760,538687,3832035.02,3875904.79
10:19:30.000,LMA,TRADE,t,7112,7.03,NASDAQ,145796,181356,-35560,49997.36,251372,470922,624760,545799,3832035.02,3925902.15
10:20:00.000,W,TRADE,t,7112,5.75,NASDAQ,14224,21336,-7112,40894.00,251372,478034,624760,552911,3832035.02,3966796.15
10:20:56.000,W,TRADE,t,7112,5.75,NYSE,14224,28448,-14224,40894.00,373388,81989,624760,560023,3832035.02,4007690.15
10:20:58.000,W,TRADE,b,7112,5.75,NASDAQ,21336,28448,-7112,40894.00,258484,478034,631872,560023,3872929.02,4007690.15
10:21:13.000,W,TRADE,b,7112,5.75,NASDAQ,28448,28448,0,40894.00,265596,478034,638984,560023,3913823.02,4007690.15
10:21:30.000,LMA,TRADE,t,7112,2.22,NASDAQ,145796,188468,-42672,15788.64,265596,485146,638984,567135,3913823.02,4023478.79
10:21:35.000,LMA,TRADE,t,7112,2.22,NYSE,145796,195580,-49784,15788.64,373388,89101,638984,574247,3913823.02,4039267.43
10:22:35.000,LMA,TRADE,b,7112,2.22,NASDAQ,152908,195580,-42672,15788.64,272708,485146,646096,574247,3929611.66,4039267.43
10:23:00.000,LMA,TRADE,t,7112,2.22,NASDAQ,152908,202692,-49784,15788.64,272708,492258,646096,581359,3929611.66,4055056.07
10:23:48.000,LMA,TRADE,b,7112,10.62,NYSE,160020,202692,-42672,75529.44,380500,89101,653208,581359,4005141.10,4055056.07
10:23:51.000,LMA,TRADE,t,7112,7.04,NASDAQ,160020,209804,-49784,50068.48,272708,499370,653208,588471,4005141.10,4105124.55
10:24:03.000,LMA,TRADE,b,7112,7.04,NASDAQ,167132,209804,-42672,50068.48,279820,499370,660320,588471,4055209.58,4105124.55
10:24:52.000,LMA,TRADE,t,7112,10.62,NASDAQ,167132,216916,-49784,75529.44,279820,506482,660320,595583,4055209.58,4180653.99
10:25:36.000,H,TRADE,b,7112,8.27,NASDAQ,7112,0,7112,58816.24,286932,506482,667432,595583,4114025.82,4180653.99
10:26:28.000,H,TRADE,b,7112,8.27,NYSE,14224,0,14224,58816.24,387612,89101,674544,595583,4172842.06,4180653.99
10:26:43.000,H,TRADE,t,7112,8.27,NASDAQ,14224,7112,7112,58816.24,286932,513594,674544,602695,4172842.06,4239470.23
10:27:10.000,H,TRADE,t,7112,8.27,NASDAQ,14224,14224,0,58816.24,286932,520706,674544,609807,4172842.06,4298286.47
10:27:30.000,H,TRADE,b,7112,8.27,NASDAQ,21336,14224,7112,58816.24,294044,520706,681656,609807,4231658.30,4298286.47
10:27:59.000,H,TRADE,t,7112,8.27,NASDAQ,21336,21336,0,58816.24,294044,527818,681656,616919,4231658.30,4357102.71
10:28:18.000,H,TRADE,b,7112,8.27,NASDAQ,28448,21336,7112,58816.24,301156,527818,688768,616919,4290474.54,4357102.71
10:28:49.000,H,TRADE,t,7112,8.27,NASDAQ,28448,28448,0,58816.24,301156,534930,688768,624031,4290474.54,4415918.95
10:29:38.000,LMA,TRADE,b,14011,20.98,NYSE,181143,216916,-35773,293950.78,401623,89101,702779,624031,4584425.32,4415918.95
10:30:23.000,LMA,TRADE,b,14224,20.98,NASDAQ,195367,216916,-21549,298419.52,315380,534930,717003,624031,4882844.84,4415918.95
10:30:59.000,LMA,TRADE,b,355,20.98,NASDAQ,195722,216916,-21194,7447.90,315735,534930,717358,624031,4890292.74,4415918.95
10:31:34.000,LMA,TRADE,b,6970,20.98,NASDAQ,202692,216916,-14224,146230.60,322705,534930,724328,624031,5036523.34,4415918.95
10:32:19.000,LMA,TRADE,b,14224,2.22,NASDAQ,216916,216916,0,31577.28,336929,534930,738552,624031,5068100.62,4415918.95
10:32:53.000,LMA,TRADE,t,7112,2.22,NASDAQ,216916,224028,-7112,15788.64,336929,542042,738552,631143,5068100.62,4431707.59
10:33:17.000,LMA,TRADE,t,7112,2.22,NYSE,216916,231140,-14224,15788.64,401623,96213,738552,638255,5068100.62,4447496.23
10:33:30.000,LMA,TRADE,b,7112,2.22,NASDAQ,224028,231140,-7112,15788.64,344041,542042,745664,638255,5083889.26,4447496.23
10:33:47.000,LMA,TRADE,b,7112,2.22,NASDAQ,231140,231140,0,15788.64,351153,542042,752776,638255,5099677.90,4447496.23
10:34:03.000,LMA,TRADE,t,7112,2.22,NASDAQ,231140,238252,-7112,15788.64,351153,549154,752776,645367,5099677.90,4463284.87
10:34:08.000,LMA,TRADE,b,7112,2.22,NASDAQ,238252,238252,0,15788.64,358265,549154,759888,645367,5115466.54,4463284.87
10:34:54.000,LMA,TRADE,b,85347,2.55,NASDAQ,323599,238252,85347,217634.85,443612,549154,845235,645367,5333101.39,4463284.87
10:35:15.000,LMA,TRADE,b,7112,2.55,NYSE,330711,238252,92459,18135.60,408735,96213,852347,645367,5351236.99,4463284.87
10:36:07.000,LMA,TRADE,b,7112,2.55,NYSE,337823,238252,99571,18135.60,415847,96213,859459,645367,5369372.59,4463284.87
10:36:47.000,LMA,TRADE,b,7112,2.55,NASDAQ,344935,238252,106683,18135.60,450724,549154,866571,645367,5387508.19,4463284.87
10:37:42.000,LMA,TRADE,b,7112,2.55,NYSE,352047,238252,113795,18135.60,422959,96213,873683,645367,5405643.79,4463284.87
10:38:18.000,LMA,TRADE,b,92459,2.55,NYSE,444506,238252,206254,235770.45,515418,96213,966142,645367,5641414.24,4463284.87
10:39:07.000,LMA,TRADE,t,85347,2.55,NASDAQ,444506,323599,120907,217634.85,450724,634501,966142,730714,5641414.24,4680919.72
10:39:34.000,LMA,TRADE,t,7112,2.55,NASDAQ,444506,330711,113795,18135.60,450724,641613,966142,737826,5641414.24,4699055.32
10:40:33.000,LMA,TRADE,b,7112,2.55,NASDAQ,451618,330711,120907,18135.60,457836,641613,973254,737826,5659549.84,4699055.32
10:41:20.000,LMA,TRADE,b,78235,2.54,NASDAQ,529853,330711,199142,198716.90,536071,641613,1051489,737826,5858266.74,4699055.32
10:41:37.000,LMA,TRADE,b,7112,2.55,NASDAQ,536965,330711,206254,18135.60,543183,641613,1058601,737826,5876402.34,4699055.32
10:41:42.000,LMA,TRADE,t,7112,2.55,NASDAQ,536965,337823,199142,18135.60,543183,648725,1058601,744938,5876402.34,4717190.92
10:42:27.000,LMA,TRADE,t,7112,2.55,NASDAQ,536965,344935,192030,18135.60,543183,655837,1058601,752050,5876402.34,4735326.52
10:42:54.000,LMA,TRADE,t,7112,2.55,NASDAQ,536965,352047,184918,18135.60,543183,662949,1058601,759162,5876402.34,4753462.12
10:43:36.000,LMA,TRADE,t,92459,2.55,NASDAQ,536965,444506,92459,235770.45,543183,755408,1058601,851621,5876402.34,4989232.57
10:44:19.000,LMA,TRADE,t,7112,2.55,NASDAQ,536965,451618,85347,18135.60,543183,762520,1058601,858733,5876402.34,5007368.17
10:44:50.000,LMA,TRADE,t,7112,2.55,NASDAQ,536965,458730,78235,18135.60,543183,769632,1058601,865845,5876402.34,5025503.77
10:45:15.000,LMA,TRADE,t,78235,2.55,NASDAQ,536965,536965,0,199499.25,543183,847867,1058601,944080,5876402.34,5225003.02
10:46:01.000,LMA,TRADE,b,85347,2.54,NASDAQ,622312,536965,85347,216781.38,628530,847867,1143948,944080,6093183.72,5225003.02
10:46:53.000,LMA,TRADE,t,14224,2.55,NASDAQ,622312,551189,71123,36271.20,628530,862091,1143948,958304,6093183.72,5261274.22
10:47:11.000,LMA,TRADE,t,71123,2.55,NASDAQ,622312,622312,0,181363.65,628530,933214,1143948,1029427,6093183.72,5442637.87
10:47:54.000,LMA,TRADE,b,7112,4.69,NASDAQ,629424,622312,7112,33355.28,635642,933214,1151060,1029427,6126539.00,5442637.87
10:48:07.000,LMA,TRADE,t,7112,4.70,NASDAQ,629424,629424,0,33426.40,635642,940326,1151060,1036539,6126539.00,5476064.27
10:48:13.000,LMA,TRADE,b,7112,4.70,NYSE,636536,629424,7112,33426.40,522530,96213,1158172,1036539,6159965.40,5476064.27
10:48:37.000,LMA,TRADE,t,7112,4.70,NASDAQ,636536,636536,0,33426.40,635642,947438,1158172,1043651,6159965.40,5509490.67
10:49:36.000,LMA,TRADE,t,7112,10.05,NYSE,636536,643648,-7112,71475.60,522530,103325,1158172,1050763,6159965.40,5580966.27
10:49:45.000,LMA,TRADE,b,7112,10.05,NASDAQ,643648,643648,0,71475.60,642754,947438,1165284,1050763,6231441.00,5580966.27
10:49:52.000,S,TRADE,b,14224,5.39,NASDAQ,14224,0,14224,76667.36,656978,947438,1179508,1050763,6308108.36,5580966.27
10:50:09.000,S,TRADE,t,14224,5.39,NASDAQ,14224,14224,0,76667.36,656978,961662,1179508,1064987,6308108.36,5657633.63
10:51:01.000,ALY,TRADE,t,7112,9.42,NYSE,14224,21336,-7112,66995.04,522530,110437,1179508,1072099,6308108.36,5724628.67
10:51:39.000,ALY,TRADE,t,7112,9.42,NASDAQ,14224,28448,-14224,66995.04,656978,968774,1179508,1079211,6308108.36,5791623.71
10:52:26.000,ALY,TRADE,b,7112,9.42,NASDAQ,21336,28448,-7112,66995.04,664090,968774,1186620,1079211,6375103.40,5791623.71
10:52:44.000,ALY,TRADE,b,7112,9.42,NASDAQ,28448,28448,0,66995.04,671202,968774,1193732,1079211,6442098.44,5791623.71
10:53:27.000,LMA,TRADE,t,7112,9.94,NYSE,643648,650760,-7112,70693.28,522530,117549,1193732,1086323,6442098.44,5862316.99
10:54:12.000,LMA,TRADE,b,7112,9.94,NASDAQ,650760,650760,0,70693.28,678314,968774,1200844,1086323,6512791.72,5862316.99
10:54:45.000,ALY,TRADE,t,7112,9.41,NYSE,28448,35560,-7112,66923.92,522530,124661,1200844,1093435,6512791.72,5929240.91
10:54:59.000,ALY,TRADE,t,7112,9.41,NYSE,28448,42672,-14224,66923.92,522530,131773,1200844,1100547,6512791.72,5996164.83
10:55:00.000,ALY,TRADE,b,7112,9.41,NASDAQ,35560,42672,-7112,66923.92,685426,968774,1207956,1100547,6579715.64,5996164.83
10:55:09.000,ALY,TRADE,t,7112,9.41,NASDAQ,35560,49784,-14224,66923.92,685426,975886,1207956,1107659,6579715.64,6063088.75
10:55:16.000,ALY,TRADE,b,7112,9.41,NASDAQ,42672,49784,-7112,66923.92,692538,975886,1215068,1107659,6646639.56,6063088.75
10:55:39.000,ALY,TRADE,b,7112,9.41,NASDAQ,49784,49784,0,66923.92,699650,975886,1222180,1107659,6713563.48,6063088.75
10:56:04.000,LMA,TRADE,b,56898,1.03,NASDAQ,707658,650760,56898,58604.94,756548,975886,1279078,1107659,6772168.42,6063088.75
10:56:16.000,LMA,TRADE,t,7112,1.03,NASDAQ,707658,657872,49786,7325.36,756548,982998,1279078,1114771,6772168.42,6070414.11
10:56:46.000,LMA,TRADE,t,49786,1.03,NASDAQ,707658,707658,0,51279.58,756548,1032784,1279078,1164557,6772168.42,6121693.69
10:57:42.000,H,TRADE,b,28449,8.25,NASDAQ,56897,28448,28449,234704.25,784997,1032784,1307527,1164557,7006872.67,6121693.69
10:57:52.000,H,TRADE,b,28449,8.25,NYSE,85346,28448,56898,234704.25,550979,131773,1335976,1164557,7241576.92,6121693.69
10:58:50.000,H,TRADE,t,7112,8.26,NASDAQ,85346,35560,49786,58745.12,784997,1039896,1335976,1171669,7241576.92,6180438.81
10:58:51.000,H,TRADE,t,21336,8.26,NASDAQ,85346,56896,28450,176235.36,784997,1061232,1335976,1193005,7241576.92,6356674.17
10:59:16.000,H,TRADE,t,28449,8.26,NASDAQ,85346,85345,1,234988.74,784997,1089681,1335976,1221454,7241576.92,6591662.91
11:00:03.000,H,TRADE,b,28449,8.25,NASDAQ,113795,85345,28450,234704.25,813446,1089681,1364425,1221454,7476281.17,6591662.91
11:01:02.000,H,TRADE,t,28449,8.26,NASDAQ,113795,113794,1,234988.74,813446,1118130,1364425,1249903,7476281.17,6826651.65
11:01:59.000,S,TRADE,b,7112,5.39,NASDAQ,21336,14224,7112,38333.68,820558,1118130,1371537,1249903,7514614.85,6826651.65
11:02:03.000,S,TRADE,t,7112,5.39,NASDAQ,21336,21336,0,38333.68,820558,1125242,1371537,1257015,7514614.85,6864985.33
11:02:39.000,S,TRADE,b,7112,2.17,NYSE,28448,21336,7112,15433.04,558091,131773,1378649,1257015,7530047.89,6864985.33
11:03:33.000,S,TRADE,b,7112,2.17,NYSE,35560,21336,14224,15433.04,565203,131773,1385761,1257015,7545480.93,6864985.33
11:04:03.000,S,TRADE,b,7112,2.17,NASDAQ,42672,21336,21336,15433.04,827670,1125242,1392873,1257015,7560913.97,6864985.33
11:04:18.000,S,TRADE,b,7112,2.17,NYSE,49784,21336,28448,15433.04,572315,131773,1399985,1257015,7576347.01,6864985.33
11:05:09.000,S,TRADE,s,7112,2.18,NASDAQ,49784,28448,21336,15504.16,827670,1132354,1399985,1264127,7576347.01,6880489.49
11:05:39.000,S,TRADE,b,14224,2.17,NYSE,64008,28448,35560,30866.08,586539,131773,1414209,1264127,7607213.09,6880489.49
11:06:00.000,S,TRADE,b,7112,2.17,NYSE,71120,28448,42672,15433.04,593651,131773,1421321,1264127,7622646.13,6880489.49
11:06:14.000,S,TRADE,b,7112,2.17,NYSE,78232,28448,49784,15433.04,600763,131773,1428433,1264127,7638079.17,6880489.49
11:06:18.000,S,TRADE,b,7112,2.17,NYSE,85344,28448,56896,15433.04,607875,131773,1435545,1264127,7653512.21,6880489.49
11:07:01.000,S,TRADE,b,7112,2.17,NYSE,92456,28448,64008,15433.04,614987,131773,1442657,1264127,7668945.25,6880489.49
11:07:02.000,S,TRADE,b,7112,2.17,NYSE,99568,28448,71120,15433.04,622099,131773,1449769,1264127,7684378.29,6880489.49
11:07:09.000,S,TRADE,b,7112,2.17,NASDAQ,106680,28448,78232,15433.04,834782,1132354,1456881,1264127,7699811.33,6880489.49
11:08:02.000,S,TRADE,s,7112,2.18,NASDAQ,106680,35560,71120,15504.16,834782,1139466,1456881,1271239,7699811.33,6895993.65
11:08:30.000,S,TRADE,s,7112,2.18,NASDAQ,106680,42672,64008,15504.16,834782,1146578,1456881,1278351,7699811.33,6911497.81
11:09:06.000,S,TRADE,b,14224,2.17,NASDAQ,120904,42672,78232,30866.08,849006,1146578,1471105,1278351,7730677.41,6911497.81
11:09:33.000,S,TRADE,b,7112,2.17,NASDAQ,128016,42672,85344,15433.04,856118,1146578,1478217,1278351,7746110.45,6911497.81
11:09:34.000,S,TRADE,b,7112,2.17,NASDAQ,135128,42672,92456,15433.04,863230,1146578,1485329,1278351,7761543.49,6911497.81
11:10:21.000,S,TRADE,b,35561,2.17,NASDAQ,170689,42672,128017,77167.37,898791,1146578,1520890,1278351,7838710.86,6911497.81
11:10:39.000,S,TRADE,b,7112,2.17,NASDAQ,177801,42672,135129,15433.04,905903,1146578,1528002,1278351,7854143.90,6911497.81
11:10:56.000,S,TRADE,b,7112,2.17,NASDAQ,184913,42672,142241,15433.04,913015,1146578,1535114,1278351,7869576.94,6911497.81
11:11:42.000,S,TRADE,b,7112,2.17,NASDAQ,192025,42672,149353,15433.04,920127,1146578,1542226,1278351,7885009.98,6911497.81
11:12:34.000,S,TRADE,b,7112,2.17,NASDAQ,199137,42672,156465,15433.04,927239,1146578,1549338,1278351,7900443.02,6911497.81
11:13:29.000,S,TRADE,b,7112,2.17,NASDAQ,206249,42672,163577,15433.04,934351,1146578,1556450,1278351,7915876.06,6911497.81
11:14:22.000,S,TRADE,b,49786,2.17,NASDAQ,256035,42672,213363,108035.62,984137,1146578,1606236,1278351,8023911.68,6911497.81
11:14:28.000,S,TRADE,s,7112,2.18,NASDAQ,256035,49784,206251,15504.16,984137,1153690,1606236,1285463,8023911.68,6927001.97
11:14:58.000,S,TRADE,s,7112,2.18,NASDAQ,256035,56896,199139,15504.16,984137,1160802,1606236,1292575,8023911.68,6942506.13
11:15:18.000,S,TRADE,s,7112,2.18,NASDAQ,256035,64008,192027,15504.16,984137,1167914,1606236,1299687,8023911.68,6958010.29
11:15:30.000,S,TRADE,s,14224,2.18,NASDAQ,256035,78232,177803,31008.32,984137,1182138,1606236,1313911,8023911.68,6989018.61
11:15:48.000,S,TRADE,s,7112,2.18,NASDAQ,256035,85344,170691,15504.16,984137,1189250,1606236,1321023,8023911.68,7004522.77
11:16:17.000,S,TRADE,s,7112,2.18,NASDAQ,256035,92456,163579,15504.16,984137,1196362,1606236,1328135,8023911.68,7020026.93
11:16:55.000,S,TRADE,s,7112,2.18,NASDAQ,256035,99568,156467,15504.16,984137,1203474,1606236,1335247,8023911.68,7035531.09
11:17:00.000,S,TRADE,s,7112,2.18,NASDAQ,256035,106680,149355,15504.16,984137,1210586,1606236,1342359,8023911.68,7051035.25
11:17:33.000,S,TRADE,b,7112,2.17,NASDAQ,263147,106680,156467,15433.04,991249,1210586,1613348,1342359,8039344.72,7051035.25
11:17:42.000,S,TRADE,s,7112,2.18,NASDAQ,263147,113792,149355,15504.16,991249,1217698,1613348,1349471,8039344.72,7066539.41
11:18:24.000,S,TRADE,s,14224,2.18,NASDAQ,263147,128016,135131,31008.32,991249,1231922,1613348,1363695,8039344.72,7097547.73
11:19:24.000,S,TRADE,s,35561,2.18,NASDAQ,263147,163577,99570,77522.98,991249,1267483,1613348,1399256,8039344.72,7175070.71
11:20:16.000,S,TRADE,s,49786,2.18,NASDAQ,263147,213363,49784,108533.48,991249,1317269,1613348,1449042,8039344.72,7283604.19
11:21:08.000,S,TRADE,s,7112,2.18,NASDAQ,263147,220475,42672,15504.16,991249,1324381,1613348,1456154,8039344.72,7299108.35
11:21:32.000,S,TRADE,s,7112,2.18,NASDAQ,263147,227587,35560,15504.16,991249,1331493,1613348,1463266,8039344.72,7314612.51
11:22:10.000,S,TRADE,s,7112,2.18,NASDAQ,263147,234699,28448,15504.16,991249,1338605,1613348,1470378,8039344.72,7330116.67
11:22:38.000,S,TRADE,s,7112,2.18,NASDAQ,263147,241811,21336,15504.16,991249,1345717,1613348,1477490,8039344.72,7345620.83
11:23:33.000,S,TRADE,s,7112,2.18,NASDAQ,263147,248923,14224,15504.16,991249,1352829,1613348,1484602,8039344.72,7361124.99
11:24:15.000,S,TRADE,s,7112,2.18,NASDAQ,263147,256035,7112,15504.16,991249,1359941,1613348,1491714,8039344.72,7376629.15
11:24:36.000,S,TRADE,s,7112,2.18,NASDAQ,263147,263147,0,15504.16,991249,1367053,1613348,1498826,8039344.72,7392133.31
11:24:59.000,BO,TRADE,b,7112,12.51,NASDAQ,7112,0,7112,88971.12,998361,1367053,1620460,1498826,8128315.84,7392133.31
11:25:15.000,BO,TRADE,t,7112,12.51,NASDAQ,7112,7112,0,88971.12,998361,1374165,1620460,1505938,8128315.84,7481104.43
11:25:52.000,BO,TRADE,b,7112,12.51,NASDAQ,14224,7112,7112,88971.12,1005473,1374165,1627572,1505938,8217286.96,7481104.43
11:26:19.000,BO,TRADE,t,7112,12.51,NASDAQ,14224,14224,0,88971.12,1005473,1381277,1627572,1513050,8217286.96,7570075.55
11:27:09.000,BO,TRADE,b,7112,12.50,NASDAQ,21336,14224,7112,88900.00,1012585,1381277,1634684,1513050,8306186.96,7570075.55
11:27:23.000,BO,TRADE,t,7112,12.51,NASDAQ,21336,21336,0,88971.12,1012585,1388389,1634684,1520162,8306186.96,7659046.67
11:28:02.000,BO,TRADE,b,7112,12.50,NASDAQ,28448,21336,7112,88900.00,1019697,1388389,1641796,1520162,8395086.96,7659046.67
11:28:35.000,BO,TRADE,t,7112,12.51,NASDAQ,28448,28448,0,88971.12,1019697,1395501,1641796,1527274,8395086.96,7748017.79
11:29:26.000,BO,TRADE,t,7112,12.50,NASDAQ,28448,35560,-7112,88900.00,1019697,1402613,1641796,1534386,8395086.96,7836917.79
11:30:06.000,BO,TRADE,t,7112,12.50,NYSE,28448,42672,-14224,88900.00,622099,138885,1641796,1541498,8395086.96,7925817.79
11:31:00.000,BO,TRADE,b,7112,12.50,NASDAQ,35560,42672,-7112,88900.00,1026809,1402613,1648908,1541498,8483986.96,7925817.79
11:31:11.000,BO,TRADE,b,7112,12.50,NASDAQ,42672,42672,0,88900.00,1033921,1402613,1656020,1541498,8572886.96,7925817.79
11:31:25.000,LMA,TRADE,b,7112,10.03,NYSE,714770,707658,7112,71333.36,629211,138885,1663132,1541498,8644220.32,7925817.79
11:31:53.000,LMA,TRADE,t,7112,10.03,NASDAQ,714770,714770,0,71333.36,1033921,1409725,1663132,1548610,8644220.32,7997151.15
11:32:44.000,LMA,TRADE,b,7112,6.34,NASDAQ,721882,714770,7112,45090.08,1041033,1409725,1670244,1548610,8689310.40,7997151.15
11:32:49.000,LMA,TRADE,t,7112,6.34,NASDAQ,721882,721882,0,45090.08,1041033,1416837,1670244,1555722,8689310.40,8042241.23
11:33:23.000,LMA,TRADE,b,14224,6.34,NASDAQ,736106,721882,14224,90180.16,1055257,1416837,1684468,1555722,8779490.56,8042241.23
11:33:53.000,LMA,TRADE,t,7112,6.34,NASDAQ,736106,728994,7112,45090.08,1055257,1423949,1684468,1562834,8779490.56,8087331.31
11:34:38.000,LMA,TRADE,t,7112,6.34,NASDAQ,736106,736106,0,45090.08,1055257,1431061,1684468,1569946,8779490.56,8132421.39
11:34:43.000,LMA,TRADE,b,7112,6.34,NASDAQ,743218,736106,7112,45090.08,1062369,1431061,1691580,1569946,8824580.64,8132421.39
11:34:55.000,LMA,TRADE,t,7112,6.34,NASDAQ,743218,743218,0,45090.08,1062369,1438173,1691580,1577058,8824580.64,8177511.47
11:35:28.000,LMA,TRADE,b,7112,2.66,NYSE,750330,743218,7112,18917.92,636323,138885,1698692,1577058,8843498.56,8177511.47
11:35:30.000,LMA,TRADE,b,42673,2.66,NYSE,793003,743218,49785,113510.18,678996,138885,1741365,1577058,8957008.74,8177511.47
11:35:57.000,LMA,TRADE,b,7112,2.65,NASDAQ,800115,743218,56897,18846.80,1069481,1438173,1748477,1577058,8975855.54,8177511.47
11:36:38.000,LMA,TRADE,b,7112,2.66,NASDAQ,807227,743218,64009,18917.92,1076593,1438173,1755589,1577058,8994773.46,8177511.47
11:36:52.000,LMA,TRADE,b,7112,2.66,NASDAQ,814339,743218,71121,18917.92,1083705,1438173,1762701,1577058,9013691.38,8177511.47
11:37:07.000,LMA,TRADE,b,7112,2.66,NASDAQ,821451,743218,78233,18917.92,1090817,1438173,1769813,1577058,9032609.30,8177511.47
11:37:37.000,LMA,TRADE,b,7112,2.66,NASDAQ,828563,743218,85345,18917.92,1097929,1438173,1776925,1577058,9051527.22,8177511.47
11:37:38.000,LMA,TRADE,b,7112,2.66,NASDAQ,835675,743218,92457,18917.92,1105041,1438173,1784037,1577058,9070445.14,8177511.47
11:37:46.000,LMA,TRADE,t,7112,2.66,NASDAQ,835675,750330,85345,18917.92,1105041,1445285,1784037,1584170,9070445.14,8196429.39
11:37:53.000,LMA,TRADE,t,7112,2.66,NASDAQ,835675,757442,78233,18917.92,1105041,1452397,1784037,1591282,9070445.14,8215347.31
11:38:30.000,LMA,TRADE,t,42673,2.66,NASDAQ,835675,800115,35560,113510.18,1105041,1495070,1784037,1633955,9070445.14,8328857.49
11:38:48.000,LMA,TRADE,t,7112,2.66,NASDAQ,835675,807227,28448,18917.92,1105041,1502182,1784037,1641067,9070445.14,8347775.41
11:39:46.000,LMA,TRADE,t,7112,2.66,NASDAQ,835675,814339,21336,18917.92,1105041,1509294,1784037,1648179,9070445.14,8366693.33
11:40:24.000,LMA,TRADE,t,7112,2.66,NASDAQ,835675,821451,14224,18917.92,1105041,1516406,1784037,1655291,9070445.14,8385611.25
11:40:26.000,LMA,TRADE,t,5760,2.66,NASDAQ,835675,827211,8464,15321.60,1105041,1522166,1784037,1661051,9070445.14,8400932.85
11:41:18.000,LMA,TRADE,t,1351,2.66,NASDAQ,835675,828562,7113,3593.66,1105041,1523517,1784037,1662402,9070445.14,8404526.51
11:41:30.000,LMA,TRADE,t,5760,2.66,NASDAQ,835675,834322,1353,15321.60,1105041,1529277,1784037,1668162,9070445.14,8419848.11
11:41:36.000,LMA,TRADE,t,1351,2.66,NASDAQ,835675,835673,2,3593.66,1105041,1530628,1784037,1669513,9070445.14,8423441.77
11:42:19.000,LMA,TRADE,t,7112,5.64,NYSE,835675,842785,-7110,40111.68,678996,145997,1784037,1676625,9070445.14,8463553.45
11:42:40.000,LMA,TRADE,t,7112,5.64,NASDAQ,835675,849897,-14222,40111.68,1105041,1537740,1784037,1683737,9070445.14,8503665.13
11:43:22.000,LMA,TRADE,t,7112,5.64,NYSE,835675,857009,-21334,40111.68,678996,153109,1784037,1690849,9070445.14,8543776.81
11:43:52.000,LMA,TRADE,b,7112,5.64,NASDAQ,842787,857009,-14222,40111.68,1112153,1537740,1791149,1690849,9110556.82,8543776.81
11:44:29.000,LMA,TRADE,b,7112,5.64,NASDAQ,849899,857009,-7110,40111.68,1119265,1537740,1798261,1690849,9150668.50,8543776.81
11:44:52.000,LMA,TRADE,b,7112,5.64,NASDAQ,857011,857009,2,40111.68,1126377,1537740,1805373,1690849,9190780.18,8543776.81
11:45:03.000,BO,TRADE,t,7112,12.47,NYSE,42672,49784,-7112,88686.64,678996,160221,1805373,1697961,9190780.18,8632463.45
11:45:22.000,BO,TRADE,t,7112,12.46,NYSE,42672,56896,-14224,88615.52,678996,167333,1805373,1705073,9190780.18,8721078.97
11:46:22.000,BO,TRADE,t,7112,12.46,NYSE,42672,64008,-21336,88615.52,678996,174445,1805373,1712185,9190780.18,8809694.49
11:46:28.000,BO,TRADE,t,14224,12.47,NASDAQ,42672,78232,-35560,177373.28,1126377,1551964,1805373,1726409,9190780.18,8987067.77
11:47:26.000,BO,TRADE,t,7112,12.47,NASDAQ,42672,85344,-42672,88686.64,1126377,1559076,1805373,1733521,9190780.18,9075754.41
11:47:45.000,BO,TRADE,t,14224,12.47,NYSE,42672,99568,-56896,177373.28,678996,188669,1805373,1747745,9190780.18,9253127.69
11:48:20.000,BO,TRADE,t,7112,12.47,NYSE,42672,106680,-64008,88686.64,678996,195781,1805373,1754857,9190780.18,9341814.33
11:48:51.000,BO,TRADE,t,14224,12.47,NASDAQ,42672,120904,-78232,177373.28,1126377,1573300,1805373,1769081,9190780.18,9519187.61
11:49:07.000,BO,TRADE,t,7112,12.47,NYSE,42672,128016,-85344,88686.64,678996,202893,1805373,1776193,9190780.18,9607874.25
11:49:10.000,BO,TRADE,t,14224,12.46,NASDAQ,42672,142240,-99568,177231.04,1126377,1587524,1805373,1790417,9190780.18,9785105.29
11:49:36.000,BO,TRADE,t,7112,12.46,NASDAQ,42672,149352,-106680,88615.52,1126377,1594636,1805373,1797529,9190780.18,9873720.81
11:49:43.000,BO,TRADE,t,14224,12.47,NASDAQ,42672,163576,-120904,177373.28,1126377,1608860,1805373,1811753,9190780.18,10051094.09
11:50:23.000,BO,TRADE,t,7112,12.47,NASDAQ,42672,170688,-128016,88686.64,1126377,1615972,1805373,1818865,9190780.18,10139780.73
11:50:49.000,BO,TRADE,b,7112,12.45,NASDAQ,49784,170688,-120904,88544.40,1133489,1615972,1812485,1818865,9279324.58,10139780.73
11:51:26.000,BO,TRADE,b,7112,12.45,NASDAQ,56896,170688,-113792,88544.40,1140601,1615972,1819597,1818865,9367868.98,10139780.73
11:52:09.000,BO,TRADE,b,7112,12.45,NASDAQ,64008,170688,-106680,88544.40,1147713,1615972,1826709,1818865,9456413.38,10139780.73
11:52:18.000,BO,TRADE,b,7112,12.45,NASDAQ,71120,170688,-99568,88544.40,1154825,1615972,1833821,1818865,9544957.78,10139780.73
11:52:55.000,BO,TRADE,b,4267,12.45,NASDAQ,75387,170688,-95301,53124.15,1159092,1615972,1838088,1818865,9598081.93,10139780.73
11:53:33.000,BO,TRADE,b,2844,12.45,NASDAQ,78231,170688,-92457,35407.80,1161936,1615972,1840932,1818865,9633489.73,10139780.73
11:53:59.000,BO,TRADE,b,4267,12.45,NASDAQ,82498,170688,-88190,53124.15,1166203,1615972,1845199,1818865,9686613.88,10139780.73
11:54:08.000,BO,TRADE,b,2844,12.45,NASDAQ,85342,170688,-85346,35407.80,1169047,1615972,1848043,1818865,9722021.68,10139780.73
11:54:34.000,BO,TRADE,b,3556,12.45,NASDAQ,88898,170688,-81790,44272.20,1172603,1615972,1851599,1818865,9766293.88,10139780.73
11:55:03.000,BO,TRADE,b,14224,12.47,NASDAQ,103122,170688,-67566,177373.28,1186827,1615972,1865823,1818865,9943667.16,10139780.73
11:55:52.000,BO,TRADE,b,21336,12.47,NASDAQ,124458,170688,-46230,266059.92,1208163,1615972,1887159,1818865,10209727.08,10139780.73
11:55:56.000,BO,TRADE,b,17780,12.48,NASDAQ,142238,170688,-28450,221894.40,1225943,1615972,1904939,1818865,10431621.48,10139780.73
11:56:37.000,BO,TRADE,b,7112,12.48,NASDAQ,149350,170688,-21338,88757.76,1233055,1615972,1912051,1818865,10520379.24,10139780.73
11:57:11.000,BO,TRADE,b,21336,12.47,NASDAQ,170686,170688,-2,266059.92,1254391,1615972,1933387,1818865,10786439.16,10139780.73
11:57:38.000,BO,TRADE,b,21336,12.47,NASDAQ,192022,170688,21334,266059.92,1275727,1615972,1954723,1818865,11052499.08,10139780.73
11:58:14.000,BO,TRADE,b,49786,12.47,NYSE,241808,170688,71120,620831.42,728782,202893,2004509,1818865,11673330.50,10139780.73
11:58:26.000,BO,TRADE,b,21336,12.47,NYSE,263144,170688,92456,266059.92,750118,202893,2025845,1818865,11939390.42,10139780.73
11:59:19.000,BO,TRADE,b,14224,12.47,NYSE,277368,170688,106680,177373.28,764342,202893,2040069,1818865,12116763.70,10139780.73
12:00:04.000,BO,TRADE,b,78235,12.47,NYSE,355603,170688,184915,975590.45,842577,202893,2118304,1818865,13092354.15,10139780.73
12:00:47.000,BO,TRADE,t,7112,12.47,NASDAQ,355603,177800,177803,88686.64,1275727,1623084,2118304,1825977,13092354.15,10228467.37
12:01:04.000,BO,TRADE,b,149358,12.47,NASDAQ,504961,177800,327161,1862494.26,1425085,1623084,2267662,1825977,14954848.41,10228467.37
12:01:16.000,BO,TRADE,t,14224,12.47,NASDAQ,504961,192024,312937,177373.28,1425085,1637308,2267662,1840201,14954848.41,10405840.65
12:01:56.000,BO,TRADE,t,7112,12.47,NASDAQ,504961,199136,305825,88686.64,1425085,1644420,2267662,1847313,14954848.41,10494527.29
12:02:54.000,BO,TRADE,t,7112,12.47,NASDAQ,504961,206248,298713,88686.64,1425085,1651532,2267662,1854425,14954848.41,10583213.93
12:03:49.000,BO,TRADE,t,14224,12.47,NASDAQ,504961,220472,284489,177373.28,1425085,1665756,2267662,1868649,14954848.41,10760587.21
12:04:23.000,BO,TRADE,t,7112,12.47,NASDAQ,504961,227584,277377,88686.64,1425085,1672868,2267662,1875761,14954848.41,10849273.85
12:05:18.000,BO,TRADE,t,14224,12.47,NASDAQ,504961,241808,263153,177373.28,1425085,1687092,2267662,1889985,14954848.41,11026647.13
12:06:12.000,BO,TRADE,t,21336,12.47,NASDAQ,504961,263144,241817,266059.92,1425085,1708428,2267662,1911321,14954848.41,11292707.05
12:06:17.000,BO,TRADE,t,7112,12.47,NASDAQ,504961,270256,234705,88686.64,1425085,1715540,2267662,1918433,14954848.41,11381393.69
12:06:59.000,BO,TRADE,t,7112,12.47,NASDAQ,504961,277368,227593,88686.64,1425085,1722652,2267662,1925545,14954848.41,11470080.33
12:07:39.000,BO,TRADE,t,21336,12.47,NASDAQ,504961,298704,206257,266059.92,1425085,1743988,2267662,1946881,14954848.41,11736140.25
12:08:35.000,BO,TRADE,t,28449,12.47,NASDAQ,504961,327153,177808,354759.03,1425085,1772437,2267662,1975330,14954848.41,12090899.28
12:08:54.000,BO,TRADE,t,7112,12.47,NASDAQ,504961,334265,170696,88686.64,1425085,1779549,2267662,1982442,14954848.41,12179585.92
12:09:26.000,BO,TRADE,t,14224,12.47,NASDAQ,504961,348489,156472,177373.28,1425085,1793773,2267662,1996666,14954848.41,12356959.20
12:10:24.000,BO,TRADE,t,56898,12.47,NASDAQ,504961,405387,99574,709518.06,1425085,1850671,2267662,2053564,14954848.41,13066477.26
12:10:46.000,BO,TRADE,b,7112,12.47,NASDAQ,512073,405387,106686,88686.64,1432197,1850671,2274774,2053564,15043535.05,13066477.26
12:10:52.000,BO,TRADE,b,7112,12.47,NASDAQ,519185,405387,113798,88686.64,1439309,1850671,2281886,2053564,15132221.69,13066477.26
12:10:54.000,BO,TRADE,t,7112,12.47,NASDAQ,519185,412499,106686,88686.64,1439309,1857783,2281886,2060676,15132221.69,13155163.90
12:11:26.000,BO,TRADE,t,7112,12.47,NASDAQ,519185,419611,99574,88686.64,1439309,1864895,2281886,2067788,15132221.69,13243850.54
12:11:49.000,BO,TRADE,t,7112,12.47,NASDAQ,519185,426723,92462,88686.64,1439309,1872007,2281886,2074900,15132221.69,13332537.18
12:12:11.000,BO,TRADE,t,7112,12.47,NASDAQ,519185,433835,85350,88686.64,1439309,1879119,2281886,2082012,15132221.69,13421223.82
12:12:36.000,BO,TRADE,t,7112,12.47,NASDAQ,519185,440947,78238,88686.64,1439309,1886231,2281886,2089124,15132221.69,13509910.46
12:13:31.000,BO,TRADE,t,7112,12.47,NASDAQ,519185,448059,71126,88686.64,1439309,1893343,2281886,2096236,15132221.69,13598597.10
12:13:49.000,BO,TRADE,t,7112,12.47,NASDAQ,519185,455171,64014,88686.64,1439309,1900455,2281886,2103348,15132221.69,13687283.74
12:14:13.000,DEQ,TRADE,t,7112,16.49,NYSE,0,7112,-7112,117276.88,842577,210005,2281886,2110460,15132221.69,13804560.62
12:15:05.000,DEQ,TRADE,b,7112,16.49,NASDAQ,7112,7112,0,117276.88,1446421,1900455,2288998,2110460,15249498.57,13804560.62
12:15:50.000,DEQ,TRADE,t,7112,16.49,NASDAQ,7112,14224,-7112,117276.88,1446421,1907567,2288998,2117572,15249498.57,13921837.50
12:16:32.000,DEQ,TRADE,b,7112,16.49,NASDAQ,14224,14224,0,117276.88,1453533,1907567,2296110,2117572,15366775.45,13921837.50
12:16:45.000,BO,TRADE,s,711,12.47,NASDAQ,519185,455882,63303,8866.17,1453533,1908278,2296110,2118283,15366775.45,13930703.67
12:17:23.000,BO,TRADE,t,711,12.47,NASDAQ,519185,456593,62592,8866.17,1453533,1908989,2296110,2118994,15366775.45,13939569.84
12:17:48.000,BO,TRADE,s,9388,12.47,NASDAQ,519185,465981,53204,117068.36,1453533,1918377,2296110,2128382,15366775.45,14056638.20
12:18:46.000,BO,TRADE,s,9814,12.47,NYSE,519185,475795,43390,122380.58,842577,219819,2296110,2138196,15366775.45,14179018.78
12:19:31.000,BO,TRADE,t,14224,12.47,NASDAQ,519185,490019,29166,177373.28,1453533,1932601,2296110,2152420,15366775.45,14356392.06
12:19:48.000,BO,TRADE,s,4196,12.47,NYSE,519185,494215,24970,52324.12,842577,224015,2296110,2156616,15366775.45,14408716.18
12:20:03.000,BO,TRADE,s,7325,12.47,NYSE,519185,501540,17645,91342.75,842577,231340,2296110,2163941,15366775.45,14500058.93
12:21:02.000,BO,TRADE,s,7112,12.47,NYSE,519185,508652,10533,88686.64,842577,238452,2296110,2171053,15366775.45,14588745.57
12:21:15.000,BO,TRADE,t,4125,12.47,NASDAQ,519185,512777,6408,51438.75,1453533,1936726,2296110,2175178,15366775.45,14640184.32
12:21:31.000,BO,TRADE,t,2275,12.47,NASDAQ,519185,515052,4133,28369.25,1453533,1939001,2296110,2177453,15366775.45,14668553.57
12:22:26.000,BO,TRADE,t,4125,12.47,NYSE,519185,519177,8,51438.75,842577,242577,2296110,2181578,15366775.45,14719992.32
12:23:22.000,BO,TRADE,t,7112,12.47,NYSE,519185,526289,-7104,88686.64,842577,249689,2296110,2188690,15366775.45,14808678.96
12:23:32.000,BO,TRADE,b,7112,12.46,NASDAQ,526297,526289,8,88615.52,1460645,1939001,2303222,2188690,15455390.97,14808678.96
12:24:21.000,LMA,TRADE,b,7112,6.33,NASDAQ,864123,857009,7114,45018.96,1467757,1939001,2310334,2188690,15500409.93,14808678.96
12:24:56.000,LMA,TRADE,t,7112,6.33,NASDAQ,864123,864121,2,45018.96,1467757,1946113,2310334,2195802,15500409.93,14853697.92
12:25:35.000,LMA,TRADE,b,7112,6.33,NASDAQ,871235,864121,7114,45018.96,1474869,1946113,2317446,2195802,15545428.89,14853697.92
12:26:14.000,LMA,TRADE,b,7112,10.88,NYSE,878347,864121,14226,77378.56,849689,249689,2324558,2195802,15622807.45,14853697.92
12:26:42.000,LMA,TRADE,b,7112,10.88,NASDAQ,885459,864121,21338,77378.56,1481981,1946113,2331670,2195802,15700186.01,14853697.92
12:27:40.000,LMA,TRADE,t,7112,10.89,NASDAQ,885459,871233,14226,77449.68,1481981,1953225,2331670,2202914,15700186.01,14931147.60
12:28:13.000,LMA,TRADE,t,7112,10.89,NASDAQ,885459,878345,7114,77449.68,1481981,1960337,2331670,2210026,15700186.01,15008597.28
12:28:47.000,LMA,TRADE,t,7112,6.33,NASDAQ,885459,885457,2,45018.96,1481981,1967449,2331670,2217138,15700186.01,15053616.24
12:28:56.000,LMA,TRADE,t,7112,10.90,NASDAQ,885459,892569,-7110,77520.80,1481981,1974561,2331670,2224250,15700186.01,15131137.04
12:29:20.000,LMA,TRADE,t,14224,10.90,NYSE,885459,906793,-21334,155041.60,849689,263913,2331670,2238474,15700186.01,15286178.64
12:29:38.000,LMA,TRADE,t,7112,10.90,NYSE,885459,913905,-28446,77520.80,849689,271025,2331670,2245586,15700186.01,15363699.44
12:30:06.000,LMA,TRADE,t,7112,10.90,NASDAQ,885459,921017,-35558,77520.80,1481981,1981673,2331670,2252698,15700186.01,15441220.24
12:30:15.000,LMA,TRADE,t,14224,10.90,NYSE,885459,935241,-49782,155041.60,849689,285249,2331670,2266922,15700186.01,15596261.84
12:30:43.000,LMA,TRADE,t,7112,10.89,NASDAQ,885459,942353,-56894,77449.68,1481981,1988785,2331670,2274034,15700186.01,15673711.52
12:31:16.000,LMA,TRADE,b,7112,10.89,NASDAQ,892571,942353,-49782,77449.68,1489093,1988785,2338782,2274034,15777635.69,15673711.52
12:31:59.000,LMA,TRADE,t,7112,10.89,NASDAQ,892571,949465,-56894,77449.68,1489093,1995897,2338782,2281146,15777635.69,15751161.20
12:32:07.000,LMA,TRADE,b,14224,10.89,NASDAQ,906795,949465,-42670,154899.36,1503317,1995897,2353006,2281146,15932535.05,15751161.20
12:32:35.000,LMA,TRADE,b,7112,10.89,NASDAQ,913907,949465,-35558,77449.68,1510429,1995897,2360118,2281146,16009984.73,15751161.20
12:33:29.000,LMA,TRADE,b,14224,10.89,NASDAQ,928131,949465,-21334,154899.36,1524653,1995897,2374342,2281146,16164884.09,15751161.20
12:33:41.000,LMA,TRADE,b,7112,10.89,NASDAQ,935243,949465,-14222,77449.68,1531765,1995897,2381454,2281146,16242333.77,15751161.20
12:34:01.000,LMA,TRADE,b,7112,10.89,NASDAQ,942355,949465,-7110,77449.68,1538877,1995897,2388566,2281146,16319783.45,15751161.20
12:34:08.000,LMA,TRADE,b,7112,10.89,NASDAQ,949467,949465,2,77449.68,1545989,1995897,2395678,2281146,16397233.13,15751161.20
12:34:50.000,LMA,TRADE,t,7112,6.95,NASDAQ,949467,956577,-7110,49428.40,1545989,2003009,2395678,2288258,16397233.13,15800589.60
12:35:02.000,LMA,TRADE,b,7112,6.94,NASDAQ,956579,956577,2,49357.28,1553101,2003009,2402790,2288258,16446590.41,15800589.60
12:35:07.000,LMA,TRADE,t,7112,10.09,NYSE,956579,963689,-7110,71760.08,849689,292361,2402790,2295370,16446590.41,15872349.68
12:36:07.000,LMA,TRADE,b,7112,10.09,NASDAQ,963691,963689,2,71760.08,1560213,2003009,2409902,2295370,16518350.49,15872349.68
12:36:37.000,LMA,TRADE,b,7112,5.26,NYSE,970803,963689,7114,37409.12,856801,292361,2417014,2295370,16555759.61,15872349.68
12:37:08.000,LMA,TRADE,t,7112,5.26,NASDAQ,970803,970801,2,37409.12,1560213,2010121,2417014,2302482,16555759.61,15909758.80
12:37:23.000,LMA,TRADE,t,7112,10.09,NYSE,970803,977913,-7110,71760.08,856801,299473,2417014,2309594,16555759.61,15981518.88
12:37:32.000,LMA,TRADE,t,7112,10.09,NYSE,970803,985025,-14222,71760.08,856801,306585,2417014,2316706,16555759.61,16053278.96
12:38:24.000,LMA,TRADE,b,7112,10.09,NASDAQ,977915,985025,-7110,71760.08,1567325,2010121,2424126,2316706,16627519.69,16053278.96
12:39:23.000,LMA,TRADE,b,7112,10.09,NASDAQ,985027,985025,2,71760.08,1574437,2010121,2431238,2316706,16699279.77,16053278.96
12:40:00.000,LMA,TRADE,t,7112,10.32,NYSE,985027,992137,-7110,73395.84,856801,313697,2431238,2323818,16699279.77,16126674.80
12:40:04.000,LMA,TRADE,b,7112,10.32,NASDAQ,992139,992137,2,73395.84,1581549,2010121,2438350,2323818,16772675.61,16126674.80
12:40:40.000,LMA,TRADE,t,7112,10.32,NASDAQ,992139,999249,-7110,73395.84,1581549,2017233,2438350,2330930,16772675.61,16200070.64
12:41:16.000,LMA,TRADE,t,7112,10.32,NASDAQ,992139,1006361,-14222,73395.84,1581549,2024345,2438350,2338042,16772675.61,16273466.48
12:41:42.000,LMA,TRADE,b,7112,10.32,NASDAQ,999251,1006361,-7110,73395.84,1588661,2024345,2445462,2338042,16846071.45,16273466.48
12:42:21.000,LMA,TRADE,b,7112,10.32,NASDAQ,1006363,1006361,2,73395.84,1595773,2024345,2452574,2338042,16919467.29,16273466.48
12:42:51.000,LMA,TRADE,t,6472,10.32,NASDAQ,1006363,1012833,-6470,66791.04,1595773,2030817,2452574,2344514,16919467.29,16340257.52
12:43:20.000,LMA,TRADE,b,6472,10.32,NYSE,1012835,1012833,2,66791.04,863273,313697,2459046,2344514,16986258.33,16340257.52
12:43:41.000,LMA,TRADE,b,14224,9.49,NASDAQ,1027059,1012833,14226,134985.76,1609997,2030817,2473270,2344514,17121244.09,16340257.52
12:44:37.000,LMA,TRADE,t,14224,9.49,NASDAQ,1027059,1027057,2,134985.76,1609997,2045041,2473270,2358738,17121244.09,16475243.28
12:44:53.000,LMA,TRADE,t,7112,6.18,NYSE,1027059,1034169,-7110,43952.16,863273,320809,2473270,2365850,17121244.09,16519195.44
12:45:21.000,LMA,TRADE,t,7112,6.18,NYSE,1027059,1041281,-14222,43952.16,863273,327921,2473270,2372962,17121244.09,16563147.60
12:45:35.000,LMA,TRADE,t,21336,6.18,NYSE,1027059,1062617,-35558,131856.48,863273,349257,2473270,2394298,17121244.09,16695004.08
12:45:51.000,LMA,TRADE,t,7112,6.18,NYSE,1027059,1069729,-42670,43952.16,863273,356369,2473270,2401410,17121244.09,16738956.24
12:45:52.000,LMA,TRADE,t,7112,6.18,NYSE,1027059,1076841,-49782,43952.16,863273,363481,2473270,2408522,17121244.09,16782908.40
12:46:31.000,LMA,TRADE,b,7112,6.18,NASDAQ,1034171,1076841,-42670,43952.16,1617109,2045041,2480382,2408522,17165196.25,16782908.40
12:46:46.000,LMA,TRADE,t,7112,6.18,NYSE,1034171,1083953,-49782,43952.16,863273,370593,2480382,2415634,17165196.25,16826860.56
12:47:44.000,LMA,TRADE,b,7112,6.18,NASDAQ,1041283,1083953,-42670,43952.16,1624221,2045041,2487494,2415634,17209148.41,16826860.56
12:48:36.000,LMA,TRADE,b,7112,6.18,NASDAQ,1048395,1083953,-35558,43952.16,1631333,2045041,2494606,2415634,17253100.57,16826860.56
12:48:50.000,LMA,TRADE,b,14224,6.18,NASDAQ,1062619,1083953,-21334,87904.32,1645557,2045041,2508830,2415634,17341004.89,16826860.56
12:49:26.000,LMA,TRADE,t,7112,6.18,NASDAQ,1062619,1091065,-28446,43952.16,1645557,2052153,2508830,2422746,17341004.89,16870812.72
12:49:29.000,LMA,TRADE,t,7112,6.18,NASDAQ,1062619,1098177,-35558,43952.16,1645557,2059265,2508830,2429858,17341004.89,16914764.88
12:49:40.000,LMA,TRADE,t,7112,6.18,NASDAQ,1062619,1105289,-42670,43952.16,1645557,2066377,2508830,2436970,17341004.89,16958717.04
12:50:32.000,LMA,TRADE,b,7112,6.18,NASDAQ,1069731,1105289,-35558,43952.16,1652669,2066377,2515942,2436970,17384957.05,16958717.04
12:50:41.000,LMA,TRADE,b,7112,6.18,NASDAQ,1076843,1105289,-28446,43952.16,1659781,2066377,2523054,2436970,17428909.21,16958717.04
12:51:39.000,LMA,TRADE,b,7112,6.18,NASDAQ,1083955,1105289,-21334,43952.16,1666893,2066377,2530166,2436970,17472861.37,16958717.04
12:51:57.000,LMA,TRADE,b,7112,6.18,NASDAQ,1091067,1105289,-14222,43952.16,1674005,2066377,2537278,2436970,17516813.53,16958717.04
12:52:30.000,LMA,TRADE,b,7112,6.18,NASDAQ,1098179,1105289,-7110,43952.16,1681117,2066377,2544390,2436970,17560765.69,16958717.04
12:52:44.000,LMA,TRADE,b,7112,6.18,NASDAQ,1105291,1105289,2,43952.16,1688229,2066377,2551502,2436970,17604717.85,16958717.04
12:53:07.000,LMA,TRADE,t,14224,6.18,NYSE,1105291,1119513,-14222,87904.32,863273,384817,2551502,2451194,17604717.85,17046621.36
12:53:19.000,LMA,TRADE,t,7112,6.18,NYSE,1105291,1126625,-21334,43952.16,863273,391929,2551502,2458306,17604717.85,17090573.52
12:53:20.000,LMA,TRADE,t,7112,6.18,NYSE,1105291,1133737,-28446,43952.16,863273,399041,2551502,2465418,17604717.85,17134525.68
12:53:36.000,LMA,TRADE,t,28449,6.18,NYSE,1105291,1162186,-56895,175814.82,863273,427490,2551502,2493867,17604717.85,17310340.50
12:53:38.000,LMA,TRADE,t,7112,6.18,NYSE,1105291,1169298,-64007,43952.16,863273,434602,2551502,2500979,17604717.85,17354292.66
12:53:45.000,LMA,TRADE,t,7112,6.18,NYSE,1105291,1176410,-71119,43952.16,863273,441714,2551502,2508091,17604717.85,17398244.82
12:53:55.000,LMA,TRADE,b,7112,6.18,NASDAQ,1112403,1176410,-64007,43952.16,1695341,2066377,2558614,2508091,17648670.01,17398244.82
12:54:17.000,LMA,TRADE,b,7112,6.18,NASDAQ,1119515,1176410,-56895,43952.16,1702453,2066377,2565726,2508091,17692622.17,17398244.82
12:55:11.000,LMA,TRADE,b,7112,6.18,NASDAQ,1126627,1176410,-49783,43952.16,1709565,2066377,2572838,2508091,17736574.33,17398244.82
12:55:46.000,LMA,TRADE,b,7112,6.18,NASDAQ,1133739,1176410,-42671,43952.16,1716677,2066377,2579950,2508091,17780526.49,17398244.82
12:56:21.000,LMA,TRADE,b,7112,6.18,NASDAQ,1140851,1176410,-35559,43952.16,1723789,2066377,2587062,2508091,17824478.65,17398244.82
12:57:10.000,LMA,TRADE,b,21336,6.18,NASDAQ,1162187,1176410,-14223,131856.48,1745125,2066377,2608398,2508091,17956335.13,17398244.82
12:57:43.000,LMA,TRADE,b,7112,6.18,NASDAQ,1169299,1176410,-7111,43952.16,1752237,2066377,2615510,2508091,18000287.29,17398244.82
12:57:51.000,LMA,TRADE,b,7112,6.18,NASDAQ,1176411,1176410,1,43952.16,1759349,2066377,2622622,2508091,18044239.45,17398244.82
12:58:01.000,LMA,TRADE,b,21336,9.46,NYSE,1197747,1176410,21337,201838.56,884609,441714,2643958,2508091,18246078.01,17398244.82
12:58:59.000,LMA,TRADE,t,21336,9.46,NASDAQ,1197747,1197746,1,201838.56,1759349,2087713,2643958,2529427,18246078.01,17600083.38
12:59:07.000,LMA,TRADE,b,21336,9.46,NASDAQ,1219083,1197746,21337,201838.56,1780685,2087713,2665294,2529427,18447916.57,17600083.38
12:59:38.000,LMA,TRADE,t,21336,9.46,NASDAQ,1219083,1219082,1,201838.56,1780685,2109049,2665294,2550763,18447916.57,17801921.94
13:00:34.000,LMA,TRADE,b,14224,6.75,NASDAQ,1233307,1219082,14225,96012.00,1794909,2109049,2679518,2550763,18543928.57,17801921.94
13:01:20.000,LMA,TRADE,t,7112,6.75,NASDAQ,1233307,1226194,7113,48006.00,1794909,2116161,2679518,2557875,18543928.57,17849927.94
13:01:43.000,LMA,TRADE,t,7112,6.75,NASDAQ,1233307,1233306,1,48006.00,1794909,2123273,2679518,2564987,18543928.57,17897933.94
13:01:52.000,LMA,TRADE,t,7112,21.02,NYSE,1233307,1240418,-7111,149494.24,884609,448826,2679518,2572099,18543928.57,18047428.18
13:02:18.000,LMA,TRADE,t,7112,21.02,NYSE,1233307,1247530,-14223,149494.24,884609,455938,2679518,2579211,18543928.57,18196922.42
13:02:35.000,LMA,TRADE,t,7112,21.02,NYSE,1233307,1254642,-21335,149494.24,884609,463050,2679518,2586323,18543928.57,18346416.66
13:02:50.000,LMA,TRADE,t,7112,21.02,NASDAQ,1233307,1261754,-28447,149494.24,1794909,2130385,2679518,2593435,18543928.57,18495910.90
13:03:16.000,LMA,TRADE,b,7112,21.02,NASDAQ,1240419,1261754,-21335,149494.24,1802021,2130385,2686630,2593435,18693422.81,18495910.90
13:03:56.000,LMA,TRADE,b,7112,21.02,NASDAQ,1247531,1261754,-14223,149494.24,1809133,2130385,2693742,2593435,18842917.05,18495910.90
13:04:18.000,LMA,TRADE,b,7112,21.02,NASDAQ,1254643,1261754,-7111,149494.24,1816245,2130385,2700854,2593435,18992411.29,18495910.90
13:04:39.000,LMA,TRADE,b,7112,21.02,NASDAQ,1261755,1261754,1,149494.24,1823357,2130385,2707966,2593435,19141905.53,18495910.90
13:05:16.000,LMA,TRADE,t,49786,7.01,NYSE,1261755,1311540,-49785,348999.86,884609,512836,2707966,2643221,19141905.53,18844910.76
13:05:18.000,LMA,TRADE,b,49786,7.01,NASDAQ,1311541,1311540,1,348999.86,1873143,2130385,2757752,2643221,19490905.39,18844910.76
13:05:40.000,LMA,TRADE,t,35561,7.01,NASDAQ,1311541,1347101,-35560,249282.61,1873143,2165946,2757752,2678782,19490905.39,19094193.37
13:06:31.000,LMA,TRADE,b,35561,7.01,NASDAQ,1347102,1347101,1,249282.61,1908704,2165946,2793313,2678782,19740188.00,19094193.37
13:06:54.000,RPY,TRADE,b,7112,5.84,NASDAQ,414356,292523,121833,41534.08,1915816,2165946,2800425,2678782,19781722.08,19094193.37
13:07:27.000,RPY,TRADE,b,7112,5.84,NASDAQ,421468,292523,128945,41534.08,1922928,2165946,2807537,2678782,19823256.16,19094193.37
13:08:14.000,RPY,TRADE,t,7112,5.84,NASDAQ,421468,299635,121833,41534.08,1922928,2173058,2807537,2685894,19823256.16,19135727.45
13:08:25.000,RPY,TRADE,t,2347,5.84,NASDAQ,421468,301982,119486,13706.48,1922928,2175405,2807537,2688241,19823256.16,19149433.93
13:08:52.000,RPY,TRADE,t,4765,5.84,NASDAQ,421468,306747,114721,27827.60,1922928,2180170,2807537,2693006,19823256.16,19177261.53
13:09:12.000,LMA,TRADE,t,7112,6.18,NYSE,1347102,1354213,-7111,43952.16,884609,519948,2807537,2700118,19823256.16,19221213.69
13:09:25.000,LMA,TRADE,b,7112,6.18,NASDAQ,1354214,1354213,1,43952.16,1930040,2180170,2814649,2700118,19867208.32,19221213.69
13:10:10.000,LMA,TRADE,t,21336,4.77,NYSE,1354214,1375549,-21335,101772.72,884609,541284,2814649,2721454,19867208.32,19322986.41
13:10:17.000,LMA,TRADE,t,7112,4.77,NYSE,1354214,1382661,-28447,33924.24,884609,548396,2814649,2728566,19867208.32,19356910.65
13:10:39.000,LMA,TRADE,t,7112,4.77,NYSE,1354214,1389773,-35559,33924.24,884609,555508,2814649,2735678,19867208.32,19390834.89
13:11:18.000,LMA,TRADE,t,7112,4.77,NYSE,1354214,1396885,-42671,33924.24,884609,562620,2814649,2742790,19867208.32,19424759.13
13:11:27.000,LMA,TRADE,b,7112,4.76,NASDAQ,1361326,1396885,-35559,33853.12,1937152,2180170,2821761,2742790,19901061.44,19424759.13
13:12:12.000,LMA,TRADE,b,14224,4.76,NASDAQ,1375550,1396885,-21335,67706.24,1951376,2180170,2835985,2742790,19968767.68,19424759.13
13:12:44.000,LMA,TRADE,t,7112,4.77,NYSE,1375550,1403997,-28447,33924.24,884609,569732,2835985,2749902,19968767.68,19458683.37
13:12:48.000,LMA,TRADE,t,21336,4.77,NASDAQ,1375550,1425333,-49783,101772.72,1951376,2201506,2835985,2771238,19968767.68,19560456.09
13:13:48.000,LMA,TRADE,b,7112,4.76,NASDAQ,1382662,1425333,-42671,33853.12,1958488,2201506,2843097,2771238,20002620.80,19560456.09
13:14:03.000,LMA,TRADE,t,7112,4.77,NASDAQ,1382662,1432445,-49783,33924.24,1958488,2208618,2843097,2778350,20002620.80,19594380.33
13:14:27.000,LMA,TRADE,t,7112,4.77,NASDAQ,1382662,1439557,-56895,33924.24,1958488,2215730,2843097,2785462,20002620.80,19628304.57
13:15:25.000,LMA,TRADE,t,7112,4.77,NASDAQ,1382662,1446669,-64007,33924.24,1958488,2222842,2843097,2792574,20002620.80,19662228.81
13:15:29.000,LMA,TRADE,b,7112,4.76,NASDAQ,1389774,1446669,-56895,33853.12,1965600,2222842,2850209,2792574,20036473.92,19662228.81
13:15:44.000,LMA,TRADE,t,7112,4.77,NASDAQ,1389774,1453781,-64007,33924.24,1965600,2229954,2850209,2799686,20036473.92,19696153.05
13:16:04.000,LMA,TRADE,b,7112,4.76,NASDAQ,1396886,1453781,-56895,33853.12,1972712,2229954,2857321,2799686,20070327.04,19696153.05
13:16:31.000,LMA,TRADE,b,7112,4.76,NASDAQ,1403998,1453781,-49783,33853.12,1979824,2229954,2864433,2799686,20104180.16,19696153.05
13:17:25.000,LMA,TRADE,b,14224,4.76,NASDAQ,1418222,1453781,-35559,67706.24,1994048,2229954,2878657,2799686,20171886.40,19696153.05
13:17:45.000,LMA,TRADE,b,7112,4.76,NASDAQ,1425334,1453781,-28447,33853.12,2001160,2229954,2885769,2799686,20205739.52,19696153.05
13:17:48.000,LMA,TRADE,b,7112,4.76,NASDAQ,1432446,1453781,-21335,33853.12,2008272,2229954,2892881,2799686,20239592.64,19696153.05
13:17:57.000,LMA,TRADE,b,7112,4.76,NASDAQ,1439558,1453781,-14223,33853.12,2015384,2229954,2899993,2799686,20273445.76,19696153.05
13:18:44.000,LMA,TRADE,b,7112,4.76,NASDAQ,1446670,1453781,-7111,33853.12,2022496,2229954,2907105,2799686,20307298.88,19696153.05
13:18:47.000,LMA,TRADE,b,7112,4.76,NASDAQ,1453782,1453781,1,33853.12,2029608,2229954,2914217,2799686,20341152.00,19696153.05
13:19:13.000,LMA,TRADE,b,7112,14.51,NYSE,1460894,1453781,7113,103195.12,891721,569732,2921329,2799686,20444347.12,19696153.05
13:19:27.000,LMA,TRADE,b,28662,14.51,NYSE,1489556,1453781,35775,415885.62,920383,569732,2949991,2799686,20860232.74,19696153.05
13:19:33.000,LMA,TRADE,b,28449,14.51,NASDAQ,1518005,1453781,64224,412794.99,2058057,2229954,2978440,2799686,21273027.73,19696153.05
13:20:01.000,LMA,TRADE,t,7112,14.51,NASDAQ,1518005,1460893,57112,103195.12,2058057,2237066,2978440,2806798,21273027.73,19799348.17
13:20:18.000,LMA,TRADE,t,28662,14.51,NASDAQ,1518005,1489555,28450,415885.62,2058057,2265728,2978440,2835460,21273027.73,20215233.79
13:20:48.000,LMA,TRADE,b,7112,14.51,NASDAQ,1525117,1489555,35562,103195.12,2065169,2265728,2985552,2835460,21376222.85,20215233.79
13:21:38.000,LMA,TRADE,t,28449,14.51,NASDAQ,1525117,1518004,7113,412794.99,2065169,2294177,2985552,2863909,21376222.85,20628028.78
13:22:10.000,LMA,TRADE,t,7112,14.51,NASDAQ,1525117,1525116,1,103195.12,2065169,2301289,2985552,2871021,21376222.85,20731223.90
13:22:48.000,LMA,TRADE,b,14224,14.51,NASDAQ,1539341,1525116,14225,206390.24,2079393,2301289,2999776,2871021,21582613.09,20731223.90
13:23:07.000,LMA,TRADE,t,7112,14.51,NASDAQ,1539341,1532228,7113,103195.12,2079393,2308401,2999776,2878133,21582613.09,20834419.02
13:23:20.000,LMA,TRADE,t,7112,14.51,NASDAQ,1539341,1539340,1,103195.12,2079393,2315513,2999776,2885245,21582613.09,20937614.14
13:23:48.000,LMA,TRADE,t,7112,4.95,NASDAQ,1539341,1546452,-7111,35204.40,2079393,2322625,2999776,2892357,21582613.09,20972818.54
13:24:04.000,LMA,TRADE,b,7112,4.95,NASDAQ,1546453,1546452,1,35204.40,2086505,2322625,3006888,2892357,21617817.49,20972818.54
13:24:14.000,LMA,TRADE,t,7112,4.97,NYSE,1546453,1553564,-7111,35346.64,920383,576844,3006888,2899469,21617817.49,21008165.18
13:24:17.000,LMA,TRADE,b,7112,4.96,NASDAQ,1553565,1553564,1,35275.52,2093617,2322625,3014000,2899469,21653093.01,21008165.18
13:24:36.000,S,TRADE,b,7112,4.20,NYSE,270259,263147,7112,29870.40,927495,576844,3021112,2899469,21682963.41,21008165.18
13:25:27.000,S,TRADE,t,7112,4.20,NASDAQ,270259,270259,0,29870.40,2093617,2329737,3021112,2906581,21682963.41,21038035.58
13:26:20.000,LMA,TRADE,t,7112,10.05,NYSE,1553565,1560676,-7111,71475.60,927495,583956,3021112,2913693,21682963.41,21109511.18
13:26:59.000,LMA,TRADE,t,7112,10.05,NYSE,1553565,1567788,-14223,71475.60,927495,591068,3021112,2920805,21682963.41,21180986.78
13:27:44.000,LMA,TRADE,b,7112,10.05,NASDAQ,1560677,1567788,-7111,71475.60,2100729,2329737,3028224,2920805,21754439.01,21180986.78
13:28:09.000,LMA,TRADE,b,7112,10.05,NASDAQ,1567789,1567788,1,71475.60,2107841,2329737,3035336,2920805,21825914.61,21180986.78
13:28:10.000,LMA,TRADE,t,7112,6.97,NYSE,1567789,1574900,-7111,49570.64,927495,598180,3035336,2927917,21825914.61,21230557.42
13:28:26.000,LMA,TRADE,t,7112,6.97,NYSE,1567789,1582012,-14223,49570.64,927495,605292,3035336,2935029,21825914.61,21280128.06
13:29:07.000,LMA,TRADE,t,14224,6.97,NYSE,1567789,1596236,-28447,99141.28,927495,619516,3035336,2949253,21825914.61,21379269.34
13:29:20.000,LMA,TRADE,t,7112,6.97,NYSE,1567789,1603348,-35559,49570.64,927495,626628,3035336,2956365,21825914.61,21428839.98
13:29:26.000,LMA,TRADE,t,14224,6.97,NYSE,1567789,1617572,-49783,99141.28,927495,640852,3035336,2970589,21825914.61,21527981.26
13:29:28.000,LMA,TRADE,t,7112,6.97,NYSE,1567789,1624684,-56895,49570.64,927495,647964,3035336,2977701,21825914.61,21577551.90
13:30:04.000,LMA,TRADE,t,7112,6.97,NASDAQ,1567789,1631796,-64007,49570.64,2107841,2336849,3035336,2984813,21825914.61,21627122.54
13:30:20.000,LMA,TRADE,t,7112,6.97,NYSE,1567789,1638908,-71119,49570.64,927495,655076,3035336,2991925,21825914.61,21676693.18
13:31:01.000,LMA,TRADE,t,7112,6.97,NASDAQ,1567789,1646020,-78231,49570.64,2107841,2343961,3035336,2999037,21825914.61,21726263.82
13:31:41.000,LMA,TRADE,b,7112,6.97,NASDAQ,1574901,1646020,-71119,49570.64,2114953,2343961,3042448,2999037,21875485.25,21726263.82
13:31:55.000,LMA,TRADE,b,7112,6.97,NASDAQ,1582013,1646020,-64007,49570.64,2122065,2343961,3049560,2999037,21925055.89,21726263.82
13:32:38.000,LMA,TRADE,t,7112,6.97,NASDAQ,1582013,1653132,-71119,49570.64,2122065,2351073,3049560,3006149,21925055.89,21775834.46
13:33:26.000,LMA,TRADE,t,7112,6.97,NASDAQ,1582013,1660244,-78231,49570.64,2122065,2358185,3049560,3013261,21925055.89,21825405.10
13:34:13.000,LMA,TRADE,t,7112,6.97,NASDAQ,1582013,1667356,-85343,49570.64,2122065,2365297,3049560,3020373,21925055.89,21874975.74
13:34:32.000,LMA,TRADE,t,7112,6.97,NASDAQ,1582013,1674468,-92455,49570.64,2122065,2372409,3049560,3027485,21925055.89,21924546.38
13:34:43.000,LMA,TRADE,t,7112,6.97,NASDAQ,1582013,1681580,-99567,49570.64,2122065,2379521,3049560,3034597,21925055.89,21974117.02
13:35:16.000,LMA,TRADE,b,7112,6.97,NASDAQ,1589125,1681580,-92455,49570.64,2129177,2379521,3056672,3034597,21974626.53,21974117.02
13:36:11.000,LMA,TRADE,b,7112,6.97,NASDAQ,1596237,1681580,-85343,49570.64,2136289,2379521,3063784,3034597,22024197.17,21974117.02
13:36:48.000,LMA,TRADE,b,7112,6.97,NASDAQ,1603349,1681580,-78231,49570.64,2143401,2379521,3070896,3034597,22073767.81,21974117.02
13:36:56.000,LMA,TRADE,b,7112,6.97,NASDAQ,1610461,1681580,-71119,49570.64,2150513,2379521,3078008,3034597,22123338.45,21974117.02
13:37:33.000,LMA,TRADE,b,7112,6.97,NASDAQ,1617573,1681580,-64007,49570.64,2157625,2379521,3085120,3034597,22172909.09,21974117.02
13:38:20.000,LMA,TRADE,b,7112,6.97,NASDAQ,1624685,1681580,-56895,49570.64,2164737,2379521,3092232,3034597,22222479.73,21974117.02
13:38:58.000,LMA,TRADE,b,7112,6.97,NASDAQ,1631797,1681580,-49783,49570.64,2171849,2379521,3099344,3034597,22272050.37,21974117.02
13:39:54.000,LMA,TRADE,b,7112,6.97,NASDAQ,1638909,1681580,-42671,49570.64,2178961,2379521,3106456,3034597,22321621.01,21974117.02
13:40:13.000,LMA,TRADE,b,7112,6.97,NASDAQ,1646021,1681580,-35559,49570.64,2186073,2379521,3113568,3034597,22371191.65,21974117.02
13:40:42.000,LMA,TRADE,b,7112,6.97,NASDAQ,1653133,1681580,-28447,49570.64,2193185,2379521,3120680,3034597,22420762.29,21974117.02
13:40:56.000,LMA,TRADE,b,7112,6.97,NASDAQ,1660245,1681580,-21335,49570.64,2200297,2379521,3127792,3034597,22470332.93,21974117.02
13:41:13.000,LMA,TRADE,b,7112,6.97,NASDAQ,1667357,1681580,-14223,49570.64,2207409,2379521,3134904,3034597,22519903.57,21974117.02
13:42:00.000,LMA,TRADE,b,7112,6.97,NASDAQ,1674469,1681580,-7111,49570.64,2214521,2379521,3142016,3034597,22569474.21,21974117.02
13:42:47.000,LMA,TRADE,b,7112,6.97,NASDAQ,1681581,1681580,1,49570.64,2221633,2379521,3149128,3034597,22619044.85,21974117.02
13:43:25.000,LMA,TRADE,b,7112,6.96,NASDAQ,1688693,1681580,7113,49499.52,2228745,2379521,3156240,3034597,22668544.37,21974117.02
13:44:10.000,LMA,TRADE,t,7112,6.96,NASDAQ,1688693,1688692,1,49499.52,2228745,2386633,3156240,3041709,22668544.37,22023616.54
13:44:36.000,LMA,TRADE,b,7112,6.96,NASDAQ,1695805,1688692,7113,49499.52,2235857,2386633,3163352,3041709,22718043.89,22023616.54
13:45:10.000,LMA,TRADE,t,7112,6.96,NASDAQ,1695805,1695804,1,49499.52,2235857,2393745,3163352,3048821,22718043.89,22073116.06
13:45:29.000,MK,TRADE,t,4694,1.05,NASDAQ,28448,33142,-4694,4928.70,2235857,2398439,3163352,3053515,22718043.89,22078044.76
13:46:17.000,MK,TRADE,b,4694,1.05,NYSE,33142,33142,0,4928.70,932189,655076,3168046,3053515,22722972.59,22078044.76
13:46:49.000,LMA,TRADE,t,14224,6.96,NYSE,1695805,1710028,-14223,98999.04,932189,669300,3168046,3067739,22722972.59,22177043.80
13:47:10.000,LMA,TRADE,t,7112,6.96,NYSE,1695805,1717140,-21335,49499.52,932189,676412,3168046,3074851,22722972.59,22226543.32
13:47:57.000,LMA,TRADE,b,7112,6.96,NASDAQ,1702917,1717140,-14223,49499.52,2242969,2398439,3175158,3074851,22772472.11,22226543.32
13:48:07.000,LMA,TRADE,b,7112,6.96,NASDAQ,1710029,1717140,-7111,49499.52,2250081,2398439,3182270,3074851,22821971.63,22226543.32
13:48:41.000,LMA,TRADE,t,7112,6.96,NASDAQ,1710029,1724252,-14223,49499.52,2250081,2405551,3182270,3081963,22821971.63,22276042.84
13:49:03.000,LMA,TRADE,b,7112,6.96,NASDAQ,1717141,1724252,-7111,49499.52,2257193,2405551,3189382,3081963,22871471.15,22276042.84
13:49:33.000,LMA,TRADE,b,7112,6.96,NASDAQ,1724253,1724252,1,49499.52,2264305,2405551,3196494,3081963,22920970.67,22276042.84
13:50:07.000,LMA,TRADE,t,7112,6.96,NYSE,1724253,1731364,-7111,49499.52,932189,683524,3196494,3089075,22920970.67,22325542.36
13:50:43.000,LMA,TRADE,b,7112,6.96,NASDAQ,1731365,1731364,1,49499.52,2271417,2405551,3203606,3089075,22970470.19,22325542.36
13:50:59.000,LMA,TRADE,t,7112,6.96,NASDAQ,1731365,1738476,-7111,49499.52,2271417,2412663,3203606,3096187,22970470.19,22375041.88
13:51:43.000,LMA,TRADE,t,7112,6.96,NASDAQ,1731365,1745588,-14223,49499.52,2271417,2419775,3203606,3103299,22970470.19,22424541.40
13:52:11.000,LMA,TRADE,t,7112,6.96,NASDAQ,1731365,1752700,-21335,49499.52,2271417,2426887,3203606,3110411,22970470.19,22474040.92
13:52:15.000,LMA,TRADE,b,7112,6.96,NASDAQ,1738477,1752700,-14223,49499.52,2278529,2426887,3210718,3110411,23019969.71,22474040.92
13:52:42.000,LMA,TRADE,b,7112,6.96,NASDAQ,1745589,1752700,-7111,49499.52,2285641,2426887,3217830,3110411,23069469.23,22474040.92
13:53:27.000,LMA,TRADE,b,7112,6.96,NASDAQ,1752701,1752700,1,49499.52,2292753,2426887,3224942,3110411,23118968.75,22474040.92
13:54:24.000,LMA,TRADE,b,7112,4.05,NASDAQ,1759813,1752700,7113,28803.60,2299865,2426887,3232054,3110411,23147772.35,22474040.92
13:54:31.000,LMA,TRADE,t,7112,4.05,NASDAQ,1759813,1759812,1,28803.60,2299865,2433999,3232054,3117523,23147772.35,22502844.52
13:54:43.000,LMA,TRADE,t,14224,6.97,NYSE,1759813,1774036,-14223,99141.28,932189,697748,3232054,3131747,23147772.35,22601985.80
13:55:40.000,LMA,TRADE,t,7112,6.97,NYSE,1759813,1781148,-21335,49570.64,932189,704860,3232054,3138859,23147772.35,22651556.44
13:55:48.000,LMA,TRADE,b,14224,6.97,NASDAQ,1774037,1781148,-7111,99141.28,2314089,2433999,3246278,3138859,23246913.63,22651556.44
13:56:27.000,LMA,TRADE,t,7112,6.97,NASDAQ,1774037,1788260,-14223,49570.64,2314089,2441111,3246278,3145971,23246913.63,22701127.08
13:56:58.000,LMA,TRADE,b,7112,6.97,NASDAQ,1781149,1788260,-7111,49570.64,2321201,2441111,3253390,3145971,23296484.27,22701127.08
13:57:40.000,LMA,TRADE,t,7112,6.97,NASDAQ,1781149,1795372,-14223,49570.64,2321201,2448223,3253390,3153083,23296484.27,22750697.72
13:58:12.000,LMA,TRADE,b,7112,6.97,NASDAQ,1788261,1795372,-7111,49570.64,2328313,2448223,3260502,3153083,23346054.91,22750697.72
13:58:48.000,LMA,TRADE,b,7112,6.97,NASDAQ,1795373,1795372,1,49570.64,2335425,2448223,3267614,3153083,23395625.55,22750697.72
13:58:55.000,LMA,TRADE,t,14224,6.97,NYSE,1795373,1809596,-14223,99141.28,932189,719084,3267614,3167307,23395625.55,22849839.00
13:59:24.000,LMA,TRADE,t,7112,6.97,NYSE,1795373,1816708,-21335,49570.64,932189,726196,3267614,3174419,23395625.55,22899409.64
13:59:42.000,LMA,TRADE,t,56898,6.97,NASDAQ,1795373,1873606,-78233,396579.06,2335425,2505121,3267614,3231317,23395625.55,23295988.70
13:59:50.000,LMA,TRADE,b,7112,6.97,NASDAQ,1802485,1873606,-71121,49570.64,2342537,2505121,3274726,3231317,23445196.19,23295988.70
14:00:12.000,LMA,TRADE,t,7112,6.97,NYSE,1802485,1880718,-78233,49570.64,932189,733308,3274726,3238429,23445196.19,23345559.34
14:00:55.000,LMA,TRADE,t,7112,6.97,NYSE,1802485,1887830,-85345,49570.64,932189,740420,3274726,3245541,23445196.19,23395129.98
14:01:16.000,LMA,TRADE,b,7112,6.97,NASDAQ,1809597,1887830,-78233,49570.64,2349649,2505121,3281838,3245541,23494766.83,23395129.98
14:02:00.000,LMA,TRADE,b,7112,6.97,NASDAQ,1816709,1887830,-71121,49570.64,2356761,2505121,3288950,3245541,23544337.47,23395129.98
14:02:32.000,LMA,TRADE,t,56898,6.97,NYSE,1816709,1944728,-128019,396579.06,932189,797318,3288950,3302439,23544337.47,23791709.04
14:03:00.000,LMA,TRADE,b,14224,6.97,NASDAQ,1830933,1944728,-113795,99141.28,2370985,2505121,3303174,3302439,23643478.75,23791709.04
14:03:35.000,LMA,TRADE,b,42673,6.97,NASDAQ,1873606,1944728,-71122,297430.81,2413658,2505121,3345847,3302439,23940909.56,23791709.04
14:04:19.000,LMA,TRADE,t,7112,6.97,NASDAQ,1873606,1951840,-78234,49570.64,2413658,2512233,3345847,3309551,23940909.56,23841279.68
14:04:20.000,LMA,TRADE,t,7112,6.97,NASDAQ,1873606,1958952,-85346,49570.64,2413658,2519345,3345847,3316663,23940909.56,23890850.32
14:04:26.000,LMA,TRADE,b,7112,6.97,NASDAQ,1880718,1958952,-78234,49570.64,2420770,2519345,3352959,3316663,23990480.20,23890850.32
14:05:14.000,LMA,TRADE,b,7112,6.97,NASDAQ,1887830,1958952,-71122,49570.64,2427882,2519345,3360071,3316663,24040050.84,23890850.32
14:05:57.000,LMA,TRADE,b,14224,6.97,NASDAQ,1902054,1958952,-56898,99141.28,2442106,2519345,3374295,3316663,24139192.12,23890850.32
14:06:27.000,LMA,TRADE,b,42673,6.97,NASDAQ,1944727,1958952,-14225,297430.81,2484779,2519345,3416968,3316663,24436622.93,23890850.32
14:06:52.000,LMA,TRADE,b,7112,6.97,NASDAQ,1951839,1958952,-7113,49570.64,2491891,2519345,3424080,3316663,24486193.57,23890850.32
14:07:42.000,LMA,TRADE,b,7112,6.97,NASDAQ,1958951,1958952,-1,49570.64,2499003,2519345,3431192,3316663,24535764.21,23890850.32
14:08:28.000,LMA,TRADE,t,56898,6.97,NASDAQ,1958951,2015850,-56899,396579.06,2499003,2576243,3431192,3373561,24535764.21,24287429.38
14:08:29.000,LMA,TRADE,b,14224,6.97,NASDAQ,1973175,2015850,-42675,99141.28,2513227,2576243,3445416,3373561,24634905.49,24287429.38
14:09:07.000,LMA,TRADE,b,42673,6.97,NASDAQ,2015848,2015850,-2,297430.81,2555900,2576243,3488089,3373561,24932336.30,24287429.38
14:09:50.000,LMA,TRADE,t,7112,10.08,NASDAQ,2015848,2022962,-7114,71688.96,2555900,2583355,3488089,3380673,24932336.30,24359118.34
14:10:03.000,LMA,TRADE,b,7112,10.08,NASDAQ,2022960,2022962,-2,71688.96,2563012,2583355,3495201,3380673,25004025.26,24359118.34
14:10:09.000,BO,TRADE,t,14224,12.43,NASDAQ,526297,540513,-14216,176804.32,2563012,2597579,3495201,3394897,25004025.26,24535922.66
14:10:22.000,BO,TRADE,b,14224,12.43,NASDAQ,540521,540513,8,176804.32,2577236,2597579,3509425,3394897,25180829.58,24535922.66
14:10:26.000,LMA,TRADE,b,7112,9.36,NASDAQ,2030072,2022962,7110,66568.32,2584348,2597579,3516537,3394897,25247397.90,24535922.66
14:10:57.000,LMA,TRADE,b,7112,9.36,NASDAQ,2037184,2022962,14222,66568.32,2591460,2597579,3523649,3394897,25313966.22,24535922.66
14:11:23.000,LMA,TRADE,t,7112,9.36,NASDAQ,2037184,2030074,7110,66568.32,2591460,2604691,3523649,3402009,25313966.22,24602490.98
14:11:27.000,LMA,TRADE,t,7112,9.36,NASDAQ,2037184,2037186,-2,66568.32,2591460,2611803,3523649,3409121,25313966.22,24669059.30
14:12:27.000,BO,TRADE,t,7112,12.41,NYSE,540521,547625,-7104,88259.92,932189,804430,3523649,3416233,25313966.22,24757319.22
14:13:10.000,BO,TRADE,t,7112,12.41,NYSE,540521,554737,-14216,88259.92,932189,811542,3523649,3423345,25313966.22,24845579.14
14:13:40.000,BO,TRADE,t,7112,12.41,NASDAQ,540521,561849,-21328,88259.92,2591460,2618915,3523649,3430457,25313966.22,24933839.06
14:14:38.000,BO,TRADE,b,7112,12.41,NASDAQ,547633,561849,-14216,88259.92,2598572,2618915,3530761,3430457,25402226.14,24933839.06
14:15:27.000,BO,TRADE,b,7112,12.41,NASDAQ,554745,561849,-7104,88259.92,2605684,2618915,3537873,3430457,25490486.06,24933839.06
14:15:47.000,BO,TRADE,b,7112,12.41,NASDAQ,561857,561849,8,88259.92,2612796,2618915,3544985,3430457,25578745.98,24933839.06
14:16:08.000,LMA,TRADE,t,7112,8.00,NYSE,2037184,2044298,-7114,56896.00,932189,818654,3544985,3437569,25578745.98,24990735.06
14:16:41.000,LMA,TRADE,t,7112,8.00,NYSE,2037184,2051410,-14226,56896.00,932189,825766,3544985,3444681,25578745.98,25047631.06
14:17:32.000,LMA,TRADE,b,7112,8.00,NASDAQ,2044296,2051410,-7114,56896.00,2619908,2618915,3552097,3444681,25635641.98,25047631.06
14:18:04.000,LMA,TRADE,b,7112,8.00,NASDAQ,2051408,2051410,-2,56896.00,2627020,2618915,3559209,3444681,25692537.98,25047631.06
14:18:09.000,LMA,TRADE,t,7112,8.92,NASDAQ,2051408,2058522,-7114,63439.04,2627020,2626027,3559209,3451793,25692537.98,25111070.10
14:18:12.000,LMA,TRADE,b,7112,8.92,NASDAQ,2058520,2058522,-2,63439.04,2634132,2626027,3566321,3451793,25755977.02,25111070.10
14:18:47.000,I,TRADE,b,7112,2.12,NASDAQ,7112,0,7112,15077.44,2641244,2626027,3573433,3451793,25771054.46,25111070.10
14:19:35.000,I,TRADE,t,7112,2.12,NASDAQ,7112,7112,0,15077.44,2641244,2633139,3573433,3458905,25771054.46,25126147.54
14:20:26.000,LMA,TRADE,b,7112,8.90,NYSE,2065632,2058522,7110,63296.80,939301,825766,3580545,3458905,25834351.26,25126147.54
14:21:04.000,LMA,TRADE,b,7112,8.90,NYSE,2072744,2058522,14222,63296.80,946413,825766,3587657,3458905,25897648.06,25126147.54
14:21:23.000,LMA,TRADE,t,7112,8.90,NASDAQ,2072744,2065634,7110,63296.80,2641244,2640251,3587657,3466017,25897648.06,25189444.34
14:21:24.000,LMA,TRADE,b,711,8.90,NYSE,2073455,2065634,7821,6327.90,947124,825766,3588368,3466017,25903975.96,25189444.34
14:22:17.000,LMA,TRADE,b,7112,8.90,NYSE,2080567,2065634,14933,63296.80,954236,825766,3595480,3466017,25967272.76,25189444.34
14:22:28.000,LMA,TRADE,t,7112,8.90,NASDAQ,2080567,2072746,7821,63296.80,2641244,2647363,3595480,3473129,25967272.76,25252741.14
14:22:43.000,LMA,TRADE,b,14224,8.90,NYSE,2094791,2072746,22045,126593.60,968460,825766,3609704,3473129,26093866.36,25252741.14
14:23:16.000,LMA,TRADE,b,14224,8.90,NASDAQ,2109015,2072746,36269,126593.60,2655468,2647363,3623928,3473129,26220459.96,25252741.14
14:24:13.000,LMA,TRADE,t,14224,8.90,NASDAQ,2109015,2086970,22045,126593.60,2655468,2661587,3623928,3487353,26220459.96,25379334.74
14:25:10.000,LMA,TRADE,t,7823,8.90,NASDAQ,2109015,2094793,14222,69624.70,2655468,2669410,3623928,3495176,26220459.96,25448959.44
14:26:10.000,LMA,TRADE,t,14224,8.90,NASDAQ,2109015,2109017,-2,126593.60,2655468,2683634,3623928,3509400,26220459.96,25575553.04
14:26:47.000,S,TRADE,b,28449,4.17,NYSE,298708,270259,28449,118632.33,996909,825766,3652377,3509400,26339092.29,25575553.04
14:27:25.000,S,TRADE,t,28449,4.17,NASDAQ,298708,298708,0,118632.33,2655468,2712083,3652377,3537849,26339092.29,25694185.37
14:28:14.000,LMA,TRADE,t,7112,10.05,NYSE,2109015,2116129,-7114,71475.60,996909,832878,3652377,3544961,26339092.29,25765660.97
14:28:33.000,LMA,TRADE,t,7112,10.05,NYSE,2109015,2123241,-14226,71475.60,996909,839990,3652377,3552073,26339092.29,25837136.57
14:29:08.000,LMA,TRADE,t,7112,10.05,NASDAQ,2109015,2130353,-21338,71475.60,2655468,2719195,3652377,3559185,26339092.29,25908612.17
14:29:21.000,LMA,TRADE,b,3982,10.04,NASDAQ,2112997,2130353,-17356,39979.28,2659450,2719195,3656359,3559185,26379071.57,25908612.17
14:30:07.000,LMA,TRADE,b,7112,10.04,NASDAQ,2120109,2130353,-10244,71404.48,2666562,2719195,3663471,3559185,26450476.05,25908612.17
14:30:34.000,LMA,TRADE,b,3129,10.04,NASDAQ,2123238,2130353,-7115,31415.16,2669691,2719195,3666600,3559185,26481891.21,25908612.17
14:31:13.000,LMA,TRADE,b,3982,10.04,NASDAQ,2127220,2130353,-3133,39979.28,2673673,2719195,3670582,3559185,26521870.49,25908612.17
14:31:43.000,LMA,TRADE,b,3129,10.05,NYSE,2130349,2130353,-4,31446.45,1000038,839990,3673711,3559185,26553316.94,25908612.17
14:32:33.000,LMA,TRADE,b,7112,4.45,NASDAQ,2137461,2130353,7108,31648.40,2680785,2719195,3680823,3559185,26584965.34,25908612.17
14:32:45.000,LMA,TRADE,t,7112,4.46,NASDAQ,2137461,2137465,-4,31719.52,2680785,2726307,3680823,3566297,26584965.34,25940331.69
14:33:24.000,LMA,TRADE,b,7112,4.45,NASDAQ,2144573,2137465,7108,31648.40,2687897,2726307,3687935,3566297,26616613.74,25940331.69
14:33:44.000,LMA,TRADE,t,7112,4.46,NASDAQ,2144573,2144577,-4,31719.52,2687897,2733419,3687935,3573409,26616613.74,25972051.21
14:34:14.000,LMA,TRADE,b,7112,4.45,NASDAQ,2151685,2144577,7108,31648.40,2695009,2733419,3695047,3573409,26648262.14,25972051.21
14:34:20.000,LMA,TRADE,t,7112,4.46,NASDAQ,2151685,2151689,-4,31719.52,2695009,2740531,3695047,3580521,26648262.14,26003770.73
14:34:53.000,LMA,TRADE,b,7112,4.45,NASDAQ,2158797,2151689,7108,31648.40,2702121,2740531,3702159,3580521,26679910.54,26003770.73
14:35:06.000,LMA,TRADE,t,7112,4.46,NASDAQ,2158797,2158801,-4,31719.52,2702121,2747643,3702159,3587633,26679910.54,26035490.25
14:35:48.000,LMA,TRADE,t,7112,4.78,NYSE,2158797,2165913,-7116,33995.36,1000038,847102,3702159,3594745,26679910.54,26069485.61
14:36:20.000,LMA,TRADE,b,7112,4.78,NASDAQ,2165909,2165913,-4,33995.36,2709233,2747643,3709271,3594745,26713905.90,26069485.61
14:36:34.000,LMA,TRADE,b,7112,10.75,NASDAQ,2173021,2165913,7108,76454.00,2716345,2747643,3716383,3594745,26790359.90,26069485.61
14:37:11.000,LMA,TRADE,t,7112,10.75,NASDAQ,2173021,2173025,-4,76454.00,2716345,2754755,3716383,3601857,26790359.90,26145939.61
14:37:45.000,LMA,TRADE,b,7112,7.05,NASDAQ,2180133,2173025,7108,50139.60,2723457,2754755,3723495,3601857,26840499.50,26145939.61
14:38:18.000,LMA,TRADE,b,14224,7.05,NASDAQ,2194357,2173025,21332,100279.20,2737681,2754755,3737719,3601857,26940778.70,26145939.61
14:38:54.000,LMA,TRADE,t,7112,7.06,NASDAQ,2194357,2180137,14220,50210.72,2737681,2761867,3737719,3608969,26940778.70,26196150.33
14:39:15.000,LMA,TRADE,t,13513,7.06,NASDAQ,2194357,2193650,707,95401.78,2737681,2775380,3737719,3622482,26940778.70,26291552.11
14:39:16.000,LMA,TRADE,t,711,7.06,NASDAQ,2194357,2194361,-4,5019.66,2737681,2776091,3737719,3623193,26940778.70,26296571.77
14:40:11.000,LMA,TRADE,b,7112,10.75,NASDAQ,2201469,2194361,7108,76454.00,2744793,2776091,3744831,3623193,27017232.70,26296571.77
14:40:58.000,LMA,TRADE,t,7112,10.75,NASDAQ,2201469,2201473,-4,76454.00,2744793,2783203,3744831,3630305,27017232.70,26373025.77
14:41:44.000,LMA,TRADE,b,21336,10.75,NASDAQ,2222805,2201473,21332,229362.00,2766129,2783203,3766167,3630305,27246594.70,26373025.77
14:41:50.000,LMA,TRADE,t,21336,10.75,NASDAQ,2222805,2222809,-4,229362.00,2766129,2804539,3766167,3651641,27246594.70,26602387.77
14:42:35.000,V,TRADE,b,14224,10.45,NASDAQ,14224,0,14224,148640.80,2780353,2804539,3780391,3651641,27395235.50,26602387.77
14:42:37.000,V,TRADE,b,14224,10.45,NYSE,28448,0,28448,148640.80,1014262,847102,3794615,3651641,27543876.30,26602387.77
14:42:47.000,V,TRADE,t,14224,10.45,NASDAQ,28448,14224,14224,148640.80,2780353,2818763,3794615,3665865,27543876.30,26751028.57
14:43:29.000,V,TRADE,t,14224,10.45,NASDAQ,28448,28448,0,148640.80,2780353,2832987,3794615,3680089,27543876.30,26899669.37
14:43:46.000,V,TRADE,b,14224,10.44,NASDAQ,42672,28448,14224,148498.56,2794577,2832987,3808839,3680089,27692374.86,26899669.37
14:44:23.000,V,TRADE,t,14224,10.45,NASDAQ,42672,42672,0,148640.80,2794577,2847211,3808839,3694313,27692374.86,27048310.17
14:44:25.000,LMA,TRADE,t,14224,1.04,NYSE,2222805,2237033,-14228,14792.96,1014262,861326,3808839,3708537,27692374.86,27063103.13
14:44:41.000,LMA,TRADE,t,14224,1.04,NYSE,2222805,2251257,-28452,14792.96,1014262,875550,3808839,3722761,27692374.86,27077896.09
14:44:46.000,LMA,TRADE,b,7112,1.04,NASDAQ,2229917,2251257,-21340,7396.48,2801689,2847211,3815951,3722761,27699771.34,27077896.09
14:45:25.000,LMA,TRADE,b,7112,1.04,NASDAQ,2237029,2251257,-14228,7396.48,2808801,2847211,3823063,3722761,27707167.82,27077896.09
14:45:43.000,LMA,TRADE,t,28449,1.04,NYSE,2237029,2279706,-42677,29586.96,1014262,903999,3823063,3751210,27707167.82,27107483.05
14:46:19.000,LMA,TRADE,t,35561,1.04,NASDAQ,2237029,2315267,-78238,36983.44,2808801,2882772,3823063,3786771,27707167.82,27144466.49
14:47:14.000,LMA,TRADE,t,78235,1.04,NASDAQ,2237029,2393502,-156473,81364.40,2808801,2961007,3823063,3865006,27707167.82,27225830.89
14:48:03.000,LMA,TRADE,b,7112,1.04,NASDAQ,2244141,2393502,-149361,7396.48,2815913,2961007,3830175,3865006,27714564.30,27225830.89
14:48:48.000,LMA,TRADE,b,7112,1.04,NASDAQ,2251253,2393502,-142249,7396.48,2823025,2961007,3837287,3865006,27721960.78,27225830.89
14:48:53.000,LMA,TRADE,b,7112,1.04,NASDAQ,2258365,2393502,-135137,7396.48,2830137,2961007,3844399,3865006,27729357.26,27225830.89
14:49:53.000,LMA,TRADE,b,21336,1.04,NASDAQ,2279701,2393502,-113801,22189.44,2851473,2961007,3865735,3865006,27751546.70,27225830.89
14:50:13.000,LMA,TRADE,b,7112,1.04,NASDAQ,2286813,2393502,-106689,7396.48,2858585,2961007,3872847,3865006,27758943.18,27225830.89
14:50:26.000,LMA,TRADE,b,28449,1.04,NASDAQ,2315262,2393502,-78240,29586.96,2887034,2961007,3901296,3865006,27788530.14,27225830.89
14:51:06.000,LMA,TRADE,t,4765,1.04,NASDAQ,2315262,2398267,-83005,4955.60,2887034,2965772,3901296,3869771,27788530.14,27230786.49
14:51:24.000,LMA,TRADE,t,16571,1.04,NASDAQ,2315262,2414838,-99576,17233.84,2887034,2982343,3901296,3886342,27788530.14,27248020.33
14:51:28.000,LMA,TRADE,b,7112,1.04,NASDAQ,2322374,2414838,-92464,7396.48,2894146,2982343,3908408,3886342,27795926.62,27248020.33
14:52:20.000,LMA,TRADE,b,7112,1.04,NASDAQ,2329486,2414838,-85352,7396.48,2901258,2982343,3915520,3886342,27803323.10,27248020.33
14:52:26.000,LMA,TRADE,b,7112,1.04,NASDAQ,2336598,2414838,-78240,7396.48,2908370,2982343,3922632,3886342,27810719.58,27248020.33
14:52:32.000,LMA,TRADE,b,7112,1.04,NASDAQ,2343710,2414838,-71128,7396.48,2915482,2982343,3929744,3886342,27818116.06,27248020.33
14:53:20.000,LMA,TRADE,b,7112,1.04,NASDAQ,2350822,2414838,-64016,7396.48,2922594,2982343,3936856,3886342,27825512.54,27248020.33
14:53:21.000,LMA,TRADE,b,7112,1.04,NASDAQ,2357934,2414838,-56904,7396.48,2929706,2982343,3943968,3886342,27832909.02,27248020.33
14:53:38.000,LMA,TRADE,b,14224,1.04,NASDAQ,2372158,2414838,-42680,14792.96,2943930,2982343,3958192,3886342,27847701.98,27248020.33
14:53:49.000,LMA,TRADE,b,42673,1.04,NASDAQ,2414831,2414838,-7,44379.92,2986603,2982343,4000865,3886342,27892081.90,27248020.33
14:54:02.000,LMA,TRADE,t,49786,1.04,NYSE,2414831,2464624,-49793,51777.44,1014262,953785,4000865,3936128,27892081.90,27299797.77
14:54:40.000,LMA,TRADE,t,14224,1.04,NYSE,2414831,2478848,-64017,14792.96,1014262,968009,4000865,3950352,27892081.90,27314590.73
14:55:34.000,LMA,TRADE,t,355,1.04,NYSE,2414831,2479203,-64372,369.20,1014262,968364,4000865,3950707,27892081.90,27314959.93
14:55:59.000,LMA,TRADE,t,6756,1.04,NYSE,2414831,2485959,-71128,7026.24,1014262,975120,4000865,3957463,27892081.90,27321986.17
14:56:36.000,LMA,TRADE,t,28449,1.04,NYSE,2414831,2514408,-99577,29586.96,1014262,1003569,4000865,3985912,27892081.90,27351573.13
14:57:35.000,LMA,TRADE,t,35561,1.04,NASDAQ,2414831,2549969,-135138,36983.44,2986603,3017904,4000865,4021473,27892081.90,27388556.57
14:57:44.000,LMA,TRADE,b,7112,1.04,NASDAQ,2421943,2549969,-128026,7396.48,2993715,3017904,4007977,4021473,27899478.38,27388556.57
14:57:49.000,LMA,TRADE,b,14224,1.04,NASDAQ,2436167,2549969,-113802,14792.96,3007939,3017904,4022201,4021473,27914271.34,27388556.57
14:58:03.000,LMA,TRADE,b,35561,1.04,NASDAQ,2471728,2549969,-78241,36983.44,3043500,3017904,4057762,4021473,27951254.78,27388556.57
14:59:00.000,LMA,TRADE,t,14224,1.04,NASDAQ,2471728,2564193,-92465,14792.96,3043500,3032128,4057762,4035697,27951254.78,27403349.53
14:59:01.000,LMA,TRADE,t,64010,1.04,NASDAQ,2471728,2628203,-156475,66570.40,3043500,3096138,4057762,4099707,27951254.78,27469919.93
14:59:09.000,LMA,TRADE,b,7112,1.04,NASDAQ,2478840,2628203,-149363,7396.48,3050612,3096138,4064874,4099707,27958651.26,27469919.93
14:59:25.000,LMA,TRADE,b,7112,1.04,NASDAQ,2485952,2628203,-142251,7396.48,3057724,3096138,4071986,4099707,27966047.74,27469919.93
15:00:15.000,LMA,TRADE,b,7112,1.04,NASDAQ,2493064,2628203,-135139,7396.48,3064836,3096138,4079098,4099707,27973444.22,27469919.93
15:00:17.000,LMA,TRADE,b,21336,1.04,NASDAQ,2514400,2628203,-113803,22189.44,3086172,3096138,4100434,4099707,27995633.66,27469919.93
15:00:18.000,LMA,TRADE,b,7112,1.04,NASDAQ,2521512,2628203,-106691,7396.48,3093284,3096138,4107546,4099707,28003030.14,27469919.93
15:01:18.000,LMA,TRADE,b,28449,1.04,NASDAQ,2549961,2628203,-78242,29586.96,3121733,3096138,4135995,4099707,28032617.10,27469919.93
15:01:49.000,LMA,TRADE,b,7112,1.04,NASDAQ,2557073,2628203,-71130,7396.48,3128845,3096138,4143107,4099707,28040013.58,27469919.93
15:02:11.000,LMA,TRADE,b,7112,1.04,NASDAQ,2564185,2628203,-64018,7396.48,3135957,3096138,4150219,4099707,28047410.06,27469919.93
15:02:57.000,LMA,TRADE,b,7112,1.04,NASDAQ,2571297,2628203,-56906,7396.48,3143069,3096138,4157331,4099707,28054806.54,27469919.93
15:03:51.000,LMA,TRADE,b,7112,1.04,NASDAQ,2578409,2628203,-49794,7396.48,3150181,3096138,4164443,4099707,28062203.02,27469919.93
15:03:53.000,LMA,TRADE,b,49786,1.04,NASDAQ,2628195,2628203,-8,51777.44,3199967,3096138,4214229,4099707,28113980.46,27469919.93
15:03:55.000,LMA,TRADE,t,14224,1.05,NYSE,2628195,2642427,-14232,14935.20,1014262,1017793,4214229,4113931,28113980.46,27484855.13
15:04:50.000,LMA,TRADE,t,7112,1.04,NYSE,2628195,2649539,-21344,7396.48,1014262,1024905,4214229,4121043,28113980.46,27492251.61
15:05:25.000,LMA,TRADE,t,7112,1.04,NYSE,2628195,2656651,-28456,7396.48,1014262,1032017,4214229,4128155,28113980.46,27499648.09
15:06:13.000,LMA,TRADE,t,7112,1.04,NYSE,2628195,2663763,-35568,7396.48,1014262,1039129,4214229,4135267,28113980.46,27507044.57
15:06:58.000,LMA,TRADE,t,7112,1.04,NYSE,2628195,2670875,-42680,7396.48,1014262,1046241,4214229,4142379,28113980.46,27514441.05
15:07:09.000,LMA,TRADE,t,7112,1.05,NASDAQ,2628195,2677987,-49792,7467.60,3199967,3103250,4214229,4149491,28113980.46,27521908.65
15:07:17.000,LMA,TRADE,t,7112,1.04,NYSE,2628195,2685099,-56904,7396.48,1014262,1053353,4214229,4156603,28113980.46,27529305.13
15:08:04.000,LMA,TRADE,t,7112,1.04,NYSE,2628195,2692211,-64016,7396.48,1014262,1060465,4214229,4163715,28113980.46,27536701.61
15:08:31.000,LMA,TRADE,t,28449,1.04,NYSE,2628195,2720660,-92465,29586.96,1014262,1088914,4214229,4192164,28113980.46,27566288.57
15:09:13.000,LMA,TRADE,t,14224,1.04,NYSE,2628195,2734884,-106689,14792.96,1014262,1103138,4214229,4206388,28113980.46,27581081.53
15:09:32.000,LMA,TRADE,t,7112,1.05,NYSE,2628195,2741996,-113801,7467.60,1014262,1110250,4214229,4213500,28113980.46,27588549.13
15:09:57.000,LMA,TRADE,t,7112,1.05,NYSE,2628195,2749108,-120913,7467.60,1014262,1117362,4214229,4220612,28113980.46,27596016.73
15:10:11.000,LMA,TRADE,t,7112,1.04,NYSE,2628195,2756220,-128025,7396.48,1014262,1124474,4214229,4227724,28113980.46,27603413.21
15:10:21.000,LMA,TRADE,t,14224,1.05,NYSE,2628195,2770444,-142249,14935.20,1014262,1138698,4214229,4241948,28113980.46,27618348.41
15:10:55.000,LMA,TRADE,t,35561,1.04,NYSE,2628195,2806005,-177810,36983.44,1014262,1174259,4214229,4277509,28113980.46,27655331.85
15:11:02.000,LMA,TRADE,t,14224,1.05,NYSE,2628195,2820229,-192034,14935.20,1014262,1188483,4214229,4291733,28113980.46,27670267.05
15:11:42.000,LMA,TRADE,t,14224,1.05,NYSE,2628195,2834453,-206258,14935.20,1014262,1202707,4214229,4305957,28113980.46,27685202.25
15:12:10.000,LMA,TRADE,t,7112,1.04,NYSE,2628195,2841565,-213370,7396.48,1014262,1209819,4214229,4313069,28113980.46,27692598.73
15:12:52.000,LMA,TRADE,t,7112,1.05,NYSE,2628195,2848677,-220482,7467.60,1014262,1216931,4214229,4320181,28113980.46,27700066.33
15:13:23.000,LMA,TRADE,t,14224,1.05,NYSE,2628195,2862901,-234706,14935.20,1014262,1231155,4214229,4334405,28113980.46,27715001.53
15:13:29.000,LMA,TRADE,t,14224,1.05,NYSE,2628195,2877125,-248930,14935.20,1014262,1245379,4214229,4348629,28113980.46,27729936.73
15:13:59.000,LMA,TRADE,t,14224,1.04,NYSE,2628195,2891349,-263154,14792.96,1014262,1259603,4214229,4362853,28113980.46,27744729.69
15:14:19.000,LMA,TRADE,t,7112,1.04,NYSE,2628195,2898461,-270266,7396.48,1014262,1266715,4214229,4369965,28113980.46,27752126.17
15:14:54.000,LMA,TRADE,t,7112,1.04,NYSE,2628195,2905573,-277378,7396.48,1014262,1273827,4214229,4377077,28113980.46,27759522.65
15:15:17.000,LMA,TRADE,t,42673,1.04,NASDAQ,2628195,2948246,-320051,44379.92,3199967,3145923,4214229,4419750,28113980.46,27803902.57
15:15:29.000,LMA,TRADE,t,14224,1.04,NASDAQ,2628195,2962470,-334275,14792.96,3199967,3160147,4214229,4433974,28113980.46,27818695.53
15:16:16.000,LMA,TRADE,t,7112,1.04,NASDAQ,2628195,2969582,-341387,7396.48,3199967,3167259,4214229,4441086,28113980.46,27826092.01
15:17:15.000,LMA,TRADE,t,14224,1.04,NASDAQ,2628195,2983806,-355611,14792.96,3199967,3181483,4214229,4455310,28113980.46,27840884.97
15:17:45.000,LMA,TRADE,t,7112,1.04,NASDAQ,2628195,2990918,-362723,7396.48,3199967,3188595,4214229,4462422,28113980.46,27848281.45
15:18:30.000,LMA,TRADE,t,14224,1.04,NASDAQ,2628195,3005142,-376947,14792.96,3199967,3202819,4214229,4476646,28113980.46,27863074.41
15:19:14.000,LMA,TRADE,t,21336,1.04,NASDAQ,2628195,3026478,-398283,22189.44,3199967,3224155,4214229,4497982,28113980.46,27885263.85
15:19:55.000,LMA,TRADE,t,7112,1.04,NASDAQ,2628195,3033590,-405395,7396.48,3199967,3231267,4214229,4505094,28113980.46,27892660.33
15:19:56.000,LMA,TRADE,t,7112,1.04,NASDAQ,2628195,3040702,-412507,7396.48,3199967,3238379,4214229,4512206,28113980.46,27900056.81
15:20:55.000,LMA,TRADE,t,7112,1.05,NASDAQ,2628195,3047814,-419619,7467.60,3199967,3245491,4214229,4519318,28113980.46,27907524.41
15:21:35.000,LMA,TRADE,t,64010,1.05,NASDAQ,2628195,3111824,-483629,67210.50,3199967,3309501,4214229,4583328,28113980.46,27974734.91
15:21:59.000,LMA,TRADE,t,7112,1.05,NASDAQ,2628195,3118936,-490741,7467.60,3199967,3316613,4214229,4590440,28113980.46,27982202.51
15:22:44.000,LMA,TRADE,t,14224,1.05,NASDAQ,2628195,3133160,-504965,14935.20,3199967,3330837,4214229,4604664,28113980.46,27997137.71
15:22:53.000,LMA,TRADE,t,7112,1.04,NASDAQ,2628195,3140272,-512077,7396.48,3199967,3337949,4214229,4611776,28113980.46,28004534.19
15:22:59.000,LMA,TRADE,t,7112,1.04,NASDAQ,2628195,3147384,-519189,7396.48,3199967,3345061,4214229,4618888,28113980.46,28011930.67
15:23:05.000,LMA,TRADE,t,7112,1.04,NASDAQ,2628195,3154496,-526301,7396.48,3199967,3352173,4214229,4626000,28113980.46,28019327.15
15:23:16.000,LMA,TRADE,t,7112,1.04,NASDAQ,2628195,3161608,-533413,7396.48,3199967,3359285,4214229,4633112,28113980.46,28026723.63
15:23:29.000,LMA,TRADE,t,7112,1.04,NASDAQ,2628195,3168720,-540525,7396.48,3199967,3366397,4214229,4640224,28113980.46,28034120.11
15:24:01.000,LMA,TRADE,t,7112,1.04,NASDAQ,2628195,3175832,-547637,7396.48,3199967,3373509,4214229,4647336,28113980.46,28041516.59
15:24:56.000,LMA,TRADE,t,14224,1.04,NASDAQ,2628195,3190056,-561861,14792.96,3199967,3387733,4214229,4661560,28113980.46,28056309.55
15:24:58.000,LMA,TRADE,t,7112,1.04,NASDAQ,2628195,3197168,-568973,7396.48,3199967,3394845,4214229,4668672,28113980.46,28063706.03
15:25:05.000,LMA,TRADE,b,7112,1.04,NASDAQ,2635307,3197168,-561861,7396.48,3207079,3394845,4221341,4668672,28121376.94,28063706.03
15:25:51.000,LMA,TRADE,b,7112,1.04,NASDAQ,2642419,3197168,-554749,7396.48,3214191,3394845,4228453,4668672,28128773.42,28063706.03
15:26:29.000,LMA,TRADE,b,7112,1.04,NASDAQ,2649531,3197168,-547637,7396.48,3221303,3394845,4235565,4668672,28136169.90,28063706.03
15:26:48.000,LMA,TRADE,b,7112,1.04,NASDAQ,2656643,3197168,-540525,7396.48,3228415,3394845,4242677,4668672,28143566.38,28063706.03
15:27:22.000,LMA,TRADE,b,7112,1.04,NASDAQ,2663755,3197168,-533413,7396.48,3235527,3394845,4249789,4668672,28150962.86,28063706.03
15:27:37.000,LMA,TRADE,b,7112,1.04,NASDAQ,2670867,3197168,-526301,7396.48,3242639,3394845,4256901,4668672,28158359.34,28063706.03
15:28:16.000,LMA,TRADE,b,7112,1.04,NASDAQ,2677979,3197168,-519189,7396.48,3249751,3394845,4264013,4668672,28165755.82,28063706.03
15:28:43.000,LMA,TRADE,b,7112,1.04,NASDAQ,2685091,3197168,-512077,7396.48,3256863,3394845,4271125,4668672,28173152.30,28063706.03
15:29:18.000,LMA,TRADE,b,7112,1.04,NASDAQ,2692203,3197168,-504965,7396.48,3263975,3394845,4278237,4668672,28180548.78,28063706.03
15:29:57.000,LMA,TRADE,t,35561,1.05,NASDAQ,2692203,3232729,-540526,37339.05,3263975,3430406,4278237,4704233,28180548.78,28101045.08
15:30:43.000,LMA,TRADE,t,7112,1.05,NASDAQ,2692203,3239841,-547638,7467.60,3263975,3437518,4278237,4711345,28180548.78,28108512.68
15:30:45.000,LMA,TRADE,b,7112,1.04,NASDAQ,2699315,3239841,-540526,7396.48,3271087,3437518,4285349,4711345,28187945.26,28108512.68
15:31:44.000,LMA,TRADE,b,21336,1.04,NASDAQ,2720651,3239841,-519190,22189.44,3292423,3437518,4306685,4711345,28210134.70,28108512.68
15:32:35.000,LMA,TRADE,b,7112,1.04,NASDAQ,2727763,3239841,-512078,7396.48,3299535,3437518,4313797,4711345,28217531.18,28108512.68
15:33:04.000,LMA,TRADE,b,7112,1.04,NASDAQ,2734875,3239841,-504966,7396.48,3306647,3437518,4320909,4711345,28224927.66,28108512.68
15:33:53.000,LMA,TRADE,b,7112,1.04,NASDAQ,2741987,3239841,-497854,7396.48,3313759,3437518,4328021,4711345,28232324.14,28108512.68
15:34:09.000,LMA,TRADE,b,7112,1.04,NASDAQ,2749099,3239841,-490742,7396.48,3320871,3437518,4335133,4711345,28239720.62,28108512.68
15:34:46.000,LMA,TRADE,b,7112,1.04,NASDAQ,2756211,3239841,-483630,7396.48,3327983,3437518,4342245,4711345,28247117.10,28108512.68
15:35:36.000,LMA,TRADE,b,7112,1.04,NASDAQ,2763323,3239841,-476518,7396.48,3335095,3437518,4349357,4711345,28254513.58,28108512.68
15:36:33.000,LMA,TRADE,b,7112,1.04,NASDAQ,2770435,3239841,-469406,7396.48,3342207,3437518,4356469,4711345,28261910.06,28108512.68
15:36:40.000,LMA,TRADE,b,7112,1.04,NASDAQ,2777547,3239841,-462294,7396.48,3349319,3437518,4363581,4711345,28269306.54,28108512.68
15:36:58.000,LMA,TRADE,b,7112,1.04,NASDAQ,2784659,3239841,-455182,7396.48,3356431,3437518,4370693,4711345,28276703.02,28108512.68
15:37:46.000,LMA,TRADE,b,7112,1.04,NASDAQ,2791771,3239841,-448070,7396.48,3363543,3437518,4377805,4711345,28284099.50,28108512.68
15:38:05.000,LMA,TRADE,b,7112,1.04,NASDAQ,2798883,3239841,-440958,7396.48,3370655,3437518,4384917,4711345,28291495.98,28108512.68
15:38:36.000,LMA,TRADE,b,7112,1.04,NASDAQ,2805995,3239841,-433846,7396.48,3377767,3437518,4392029,4711345,28298892.46,28108512.68
15:39:18.000,LMA,TRADE,b,7112,1.04,NASDAQ,2813107,3239841,-426734,7396.48,3384879,3437518,4399141,4711345,28306288.94,28108512.68
15:39:39.000,LMA,TRADE,b,7112,1.04,NASDAQ,2820219,3239841,-419622,7396.48,3391991,3437518,4406253,4711345,28313685.42,28108512.68
15:40:30.000,LMA,TRADE,b,7112,1.04,NASDAQ,2827331,3239841,-412510,7396.48,3399103,3437518,4413365,4711345,28321081.90,28108512.68
15:40:38.000,LMA,TRADE,b,7112,1.04,NASDAQ,2834443,3239841,-405398,7396.48,3406215,3437518,4420477,4711345,28328478.38,28108512.68
15:41:08.000,LMA,TRADE,b,7112,1.04,NASDAQ,2841555,3239841,-398286,7396.48,3413327,3437518,4427589,4711345,28335874.86,28108512.68
15:41:40.000,LMA,TRADE,b,7112,1.04,NASDAQ,2848667,3239841,-391174,7396.48,3420439,3437518,4434701,4711345,28343271.34,28108512.68
15:42:18.000,LMA,TRADE,b,7112,1.04,NASDAQ,2855779,3239841,-384062,7396.48,3427551,3437518,4441813,4711345,28350667.82,28108512.68
15:43:17.000,LMA,TRADE,b,7112,1.04,NASDAQ,2862891,3239841,-376950,7396.48,3434663,3437518,4448925,4711345,28358064.30,28108512.68
15:43:37.000,LMA,TRADE,b,7112,1.04,NASDAQ,2870003,3239841,-369838,7396.48,3441775,3437518,4456037,4711345,28365460.78,28108512.68
15:43:57.000,LMA,TRADE,b,7112,1.04,NASDAQ,2877115,3239841,-362726,7396.48,3448887,3437518,4463149,4711345,28372857.26,28108512.68
15:44:56.000,LMA,TRADE,b,7112,1.04,NASDAQ,2884227,3239841,-355614,7396.48,3455999,3437518,4470261,4711345,28380253.74,28108512.68
15:45:47.000,LMA,TRADE,b,7112,1.04,NASDAQ,2891339,3239841,-348502,7396.48,3463111,3437518,4477373,4711345,28387650.22,28108512.68
15:46:32.000,LMA,TRADE,b,8534,1.04,NASDAQ,2899873,3239841,-339968,8875.36,3471645,3437518,4485907,4711345,28396525.58,28108512.68
15:46:40.000,LMA,TRADE,b,7112,1.04,NASDAQ,2906985,3239841,-332856,7396.48,3478757,3437518,4493019,4711345,28403922.06,28108512.68
15:47:07.000,LMA,TRADE,b,7112,1.04,NASDAQ,2914097,3239841,-325744,7396.48,3485869,3437518,4500131,4711345,28411318.54,28108512.68
15:47:26.000,LMA,TRADE,b,5689,1.04,NASDAQ,2919786,3239841,-320055,5916.56,3491558,3437518,4505820,4711345,28417235.10,28108512.68
15:47:32.000,LMA,TRADE,b,1422,1.04,NASDAQ,2921208,3239841,-318633,1478.88,3492980,3437518,4507242,4711345,28418713.98,28108512.68
15:48:18.000,LMA,TRADE,b,5689,1.04,NASDAQ,2926897,3239841,-312944,5916.56,3498669,3437518,4512931,4711345,28424630.54,28108512.68
15:48:37.000,LMA,TRADE,b,1422,1.04,NASDAQ,2928319,3239841,-311522,1478.88,3500091,3437518,4514353,4711345,28426109.42,28108512.68
15:48:58.000,LMA,TRADE,b,5689,1.04,NASDAQ,2934008,3239841,-305833,5916.56,3505780,3437518,4520042,4711345,28432025.98,28108512.68
15:49:45.000,LMA,TRADE,b,1422,1.04,NASDAQ,2935430,3239841,-304411,1478.88,3507202,3437518,4521464,4711345,28433504.86,28108512.68
15:49:57.000,LMA,TRADE,b,5689,1.04,NASDAQ,2941119,3239841,-298722,5916.56,3512891,3437518,4527153,4711345,28439421.42,28108512.68
15:50:07.000,LMA,TRADE,b,1422,1.04,NASDAQ,2942541,3239841,-297300,1478.88,3514313,3437518,4528575,4711345,28440900.30,28108512.68
15:51:07.000,LMA,TRADE,b,5689,1.04,NASDAQ,2948230,3239841,-291611,5916.56,3520002,3437518,4534264,4711345,28446816.86,28108512.68
15:52:00.000,LMA,TRADE,b,1422,1.04,NASDAQ,2949652,3239841,-290189,1478.88,3521424,3437518,4535686,4711345,28448295.74,28108512.68
15:52:28.000,LMA,TRADE,b,5689,1.04,NASDAQ,2955341,3239841,-284500,5916.56,3527113,3437518,4541375,4711345,28454212.30,28108512.68
15:53:20.000,LMA,TRADE,b,1422,1.04,NASDAQ,2956763,3239841,-283078,1478.88,3528535,3437518,4542797,4711345,28455691.18,28108512.68
15:53:46.000,LMA,TRADE,b,12802,1.04,NASDAQ,2969565,3239841,-270276,13314.08,3541337,3437518,4555599,4711345,28469005.26,28108512.68
15:53:57.000,LMA,TRADE,b,15647,1.04,NASDAQ,2985212,3239841,-254629,16272.88,3556984,3437518,4571246,4711345,28485278.14,28108512.68
15:54:55.000,LMA,TRADE,b,14224,1.04,NASDAQ,2999436,3239841,-240405,14792.96,3571208,3437518,4585470,4711345,28500071.10,28108512.68
15:55:02.000,LMA,TRADE,b,7112,1.04,NASDAQ,3006548,3239841,-233293,7396.48,3578320,3437518,4592582,4711345,28507467.58,28108512.68
15:55:21.000,LMA,TRADE,b,7112,1.04,NASDAQ,3013660,3239841,-226181,7396.48,3585432,3437518,4599694,4711345,28514864.06,28108512.68
15:55:49.000,LMA,TRADE,b,7112,1.04,NASDAQ,3020772,3239841,-219069,7396.48,3592544,3437518,4606806,4711345,28522260.54,28108512.68
15:56:42.000,LMA,TRADE,b,7112,1.04,NASDAQ,3027884,3239841,-211957,7396.48,3599656,3437518,4613918,4711345,28529657.02,28108512.68
15:57:04.000,LMA,TRADE,b,7112,1.04,NASDAQ,3034996,3239841,-204845,7396.48,3606768,3437518,4621030,4711345,28537053.50,28108512.68
15:57:36.000,LMA,TRADE,b,14224,1.04,NASDAQ,3049220,3239841,-190621,14792.96,3620992,3437518,4635254,4711345,28551846.46,28108512.68
15:58:09.000,LMA,TRADE,b,7112,1.04,NASDAQ,3056332,3239841,-183509,7396.48,3628104,3437518,4642366,4711345,28559242.94,28108512.68
15:59:02.000,LMA,TRADE,b,19914,1.04,NASDAQ,3076246,3239841,-163595,20710.56,3648018,3437518,4662280,4711345,28579953.50,28108512.68
15:59:17.000,LMA,TRADE,b,7112,1.04,NASDAQ,3083358,3239841,-156483,7396.48,3655130,3437518,4669392,4711345,28587349.98,28108512.68
16:00:05.000,LMA,TRADE,b,7112,1.04,NASDAQ,3090470,3239841,-149371,7396.48,3662242,3437518,4676504,4711345,28594746.46,28108512.68
16:00:27.000,LMA,TRADE,b,7112,1.04,NASDAQ,3097582,3239841,-142259,7396.48,3669354,3437518,4683616,4711345,28602142.94,28108512.68
